session_id,player_id,acquisition_channel,session_date,days_since_signup,game_category,device,session_minutes,bets_placed,net_revenue_usd
S000001,P100001,Retail Crossover,2025-04-09,0,Slots,iOS App,34,101,-39.43
S000002,P100002,Paid Search,2025-05-13,0,Slots,Mobile Web,27,57,103.46
S000003,P100002,Paid Search,2025-05-14,1,Bingo,Mobile Web,35,17,-13.29
S000004,P100003,Retail Crossover,2025-03-04,0,Sportsbook,Desktop,7,5,7.07
S000005,P100004,Retail Crossover,2025-06-21,0,Sportsbook,Desktop,21,45,-49.59
S000006,P100004,Retail Crossover,2025-06-22,1,Live Dealer,Android App,15,40,-60.76
S000007,P100004,Retail Crossover,2025-06-30,9,Bingo,Mobile Web,37,106,1082.63
S000008,P100004,Retail Crossover,2025-07-03,12,Table Games,Desktop,30,18,15.92
S000009,P100004,Retail Crossover,2025-07-17,26,Table Games,Mobile Web,22,34,15.9
S000010,P100004,Retail Crossover,2025-07-18,27,Live Dealer,Mobile Web,28,56,208.75
S000011,P100004,Retail Crossover,2025-07-23,32,Slots,Mobile Web,30,65,26.42
S000012,P100004,Retail Crossover,2025-07-25,34,Slots,Android App,17,28,18.11
S000013,P100004,Retail Crossover,2025-08-08,48,Sportsbook,iOS App,29,28,19.4
S000014,P100004,Retail Crossover,2025-08-09,49,Sportsbook,Mobile Web,70,165,32.99
S000015,P100004,Retail Crossover,2025-08-23,63,Live Dealer,Desktop,10,7,30.63
S000016,P100004,Retail Crossover,2025-08-28,68,Live Dealer,Desktop,8,13,40.22
S000017,P100004,Retail Crossover,2025-09-05,76,Sportsbook,Android App,15,12,9.75
S000018,P100004,Retail Crossover,2025-09-13,84,Bingo,Android App,73,217,44.87
S000019,P100004,Retail Crossover,2025-09-14,85,Table Games,Android App,19,48,40.2
S000020,P100004,Retail Crossover,2025-09-15,86,Sportsbook,Android App,29,30,20.72
S000021,P100004,Retail Crossover,2025-09-17,88,Live Dealer,Mobile Web,60,64,-424.98
S000022,P100004,Retail Crossover,2025-10-01,102,Sportsbook,Desktop,36,21,-33.62
S000023,P100004,Retail Crossover,2025-10-03,104,Table Games,Mobile Web,18,8,14.15
S000024,P100004,Retail Crossover,2025-10-11,112,Bingo,Android App,55,77,51.94
S000025,P100004,Retail Crossover,2025-10-13,114,Sportsbook,Desktop,20,22,-29.0
S000026,P100004,Retail Crossover,2025-10-15,116,Sportsbook,iOS App,10,14,3.11
S000027,P100004,Retail Crossover,2025-10-16,117,Table Games,Android App,40,102,59.23
S000028,P100004,Retail Crossover,2025-10-30,131,Bingo,Android App,16,34,-7.67
S000029,P100004,Retail Crossover,2025-11-07,139,Bingo,Desktop,23,47,17.4
S000030,P100004,Retail Crossover,2025-11-12,144,Slots,Android App,18,17,-172.13
S000031,P100004,Retail Crossover,2025-11-20,152,Sportsbook,Android App,24,9,-6.31
S000032,P100004,Retail Crossover,2025-11-28,160,Table Games,Desktop,22,31,-144.52
S000033,P100004,Retail Crossover,2025-12-03,165,Slots,Android App,11,24,65.4
S000034,P100004,Retail Crossover,2025-12-06,168,Bingo,Android App,33,33,135.24
S000035,P100004,Retail Crossover,2025-12-11,173,Bingo,Android App,44,106,-1.56
S000036,P100004,Retail Crossover,2025-12-13,175,Bingo,Android App,31,12,101.53
S000037,P100004,Retail Crossover,2025-12-16,178,Bingo,Android App,13,20,-35.0
S000038,P100004,Retail Crossover,2025-12-19,181,Sportsbook,iOS App,62,111,-68.7
S000039,P100004,Retail Crossover,2025-12-20,182,Bingo,Mobile Web,41,130,-60.09
S000040,P100004,Retail Crossover,2025-12-28,190,Bingo,Mobile Web,25,72,111.85
S000041,P100004,Retail Crossover,2026-01-11,204,Slots,Desktop,29,58,520.2
S000042,P100004,Retail Crossover,2026-01-19,212,Slots,iOS App,11,16,-31.45
S000043,P100004,Retail Crossover,2026-01-24,217,Bingo,Mobile Web,8,19,7.19
S000044,P100004,Retail Crossover,2026-02-01,225,Live Dealer,Desktop,11,11,46.4
S000045,P100004,Retail Crossover,2026-02-15,239,Bingo,iOS App,10,31,-15.54
S000046,P100004,Retail Crossover,2026-02-17,241,Sportsbook,Android App,38,96,157.25
S000047,P100004,Retail Crossover,2026-02-25,249,Sportsbook,Android App,27,61,59.21
S000048,P100004,Retail Crossover,2026-03-05,257,Sportsbook,Desktop,11,20,-46.73
S000049,P100004,Retail Crossover,2026-03-19,271,Sportsbook,iOS App,10,31,76.48
S000050,P100004,Retail Crossover,2026-03-27,279,Live Dealer,Android App,11,29,-247.23
S000051,P100004,Retail Crossover,2026-03-29,281,Slots,iOS App,53,91,86.22
S000052,P100004,Retail Crossover,2026-04-01,284,Table Games,Android App,20,50,28.19
S000053,P100004,Retail Crossover,2026-04-06,289,Sportsbook,Android App,16,16,0.28
S000054,P100004,Retail Crossover,2026-04-07,290,Sportsbook,Android App,6,3,7.27
S000055,P100004,Retail Crossover,2026-04-15,298,Table Games,Mobile Web,68,108,65.13
S000056,P100004,Retail Crossover,2026-04-17,300,Sportsbook,Mobile Web,17,45,13.36
S000057,P100004,Retail Crossover,2026-04-19,302,Slots,iOS App,14,35,66.91
S000058,P100004,Retail Crossover,2026-04-21,304,Slots,iOS App,53,48,278.31
S000059,P100004,Retail Crossover,2026-04-22,305,Bingo,iOS App,22,57,-109.36
S000060,P100004,Retail Crossover,2026-04-23,306,Sportsbook,Mobile Web,43,19,-10.33
S000061,P100004,Retail Crossover,2026-05-07,320,Slots,Mobile Web,7,22,3.4
S000062,P100004,Retail Crossover,2026-05-09,322,Bingo,Android App,12,7,3.02
S000063,P100004,Retail Crossover,2026-05-23,336,Sportsbook,Desktop,11,28,-5.43
S000064,P100004,Retail Crossover,2026-05-25,338,Bingo,Mobile Web,14,25,39.04
S000065,P100004,Retail Crossover,2026-05-27,340,Table Games,Mobile Web,60,53,-53.55
S000066,P100004,Retail Crossover,2026-05-29,342,Slots,Desktop,16,50,125.26
S000067,P100004,Retail Crossover,2026-05-30,343,Live Dealer,Mobile Web,7,14,10.52
S000068,P100004,Retail Crossover,2026-06-04,348,Live Dealer,Android App,45,55,66.65
S000069,P100004,Retail Crossover,2026-06-05,349,Bingo,Android App,42,21,12.11
S000070,P100004,Retail Crossover,2026-06-06,350,Slots,Mobile Web,30,76,-19.66
S000071,P100004,Retail Crossover,2026-06-14,358,Table Games,Mobile Web,23,47,-77.97
S000072,P100004,Retail Crossover,2026-06-22,366,Sportsbook,iOS App,18,54,-184.52
S000073,P100004,Retail Crossover,2026-06-30,374,Table Games,iOS App,35,107,-127.39
S000074,P100004,Retail Crossover,2026-07-03,377,Sportsbook,iOS App,52,141,-8.47
S000075,P100004,Retail Crossover,2026-07-04,378,Bingo,Android App,9,10,4.08
S000076,P100004,Retail Crossover,2026-07-06,380,Bingo,Desktop,12,18,6.77
S000077,P100004,Retail Crossover,2026-07-07,381,Live Dealer,iOS App,16,31,53.07
S000078,P100004,Retail Crossover,2026-07-10,384,Slots,Mobile Web,13,40,-94.0
S000079,P100004,Retail Crossover,2026-07-15,389,Bingo,Android App,74,91,-85.68
S000080,P100004,Retail Crossover,2026-07-17,391,Sportsbook,iOS App,18,46,275.63
S000081,P100004,Retail Crossover,2026-07-20,394,Table Games,iOS App,32,82,155.79
S000082,P100004,Retail Crossover,2026-07-22,396,Table Games,Android App,35,29,66.79
S000083,P100004,Retail Crossover,2026-07-30,404,Slots,Android App,32,89,21.29
S000084,P100004,Retail Crossover,2026-07-31,405,Live Dealer,iOS App,11,26,76.39
S000085,P100005,Retail Crossover,2025-05-07,0,Slots,Desktop,7,14,-0.68
S000086,P100006,Organic,2025-01-23,0,Table Games,iOS App,10,7,6.63
S000087,P100006,Organic,2025-02-06,14,Slots,Mobile Web,11,19,-15.06
S000088,P100006,Organic,2025-02-09,17,Sportsbook,Desktop,11,19,-24.91
S000089,P100007,Paid Search,2025-04-05,0,Slots,iOS App,34,108,-49.27
S000090,P100007,Paid Search,2025-04-07,2,Live Dealer,iOS App,23,16,-3.02
S000091,P100007,Paid Search,2025-04-21,16,Slots,Desktop,6,18,5.25
S000092,P100007,Paid Search,2025-04-23,18,Sportsbook,iOS App,5,8,-8.96
S000093,P100007,Paid Search,2025-04-24,19,Slots,Mobile Web,16,27,49.26
S000094,P100008,Organic,2025-06-27,0,Bingo,Desktop,8,9,23.74
S000095,P100009,Affiliate,2025-05-06,0,Bingo,Desktop,3,5,1.21
S000096,P100009,Affiliate,2025-05-09,3,Live Dealer,Mobile Web,22,33,7.91
S000097,P100009,Affiliate,2025-05-23,17,Slots,iOS App,27,43,97.72
S000098,P100009,Affiliate,2025-05-24,18,Sportsbook,Android App,16,34,-166.41
S000099,P100009,Affiliate,2025-05-26,20,Sportsbook,Mobile Web,17,33,-68.59
S000100,P100009,Affiliate,2025-05-27,21,Sportsbook,iOS App,73,162,576.36
S000101,P100009,Affiliate,2025-06-04,29,Live Dealer,iOS App,17,54,-24.59
S000102,P100010,Retail Crossover,2025-01-21,0,Live Dealer,Mobile Web,10,22,-37.67
S000103,P100010,Retail Crossover,2025-01-23,2,Table Games,iOS App,187,207,472.77
S000104,P100010,Retail Crossover,2025-01-26,5,Table Games,Android App,12,13,-50.13
S000105,P100010,Retail Crossover,2025-01-27,6,Sportsbook,iOS App,72,204,-100.64
S000106,P100011,Paid Search,2025-06-07,0,Sportsbook,Mobile Web,4,4,-5.35
S000107,P100011,Paid Search,2025-06-10,3,Table Games,Android App,16,11,-82.65
S000108,P100011,Paid Search,2025-06-12,5,Sportsbook,iOS App,21,11,-20.98
S000109,P100011,Paid Search,2025-06-14,7,Sportsbook,Desktop,14,14,72.31
S000110,P100011,Paid Search,2025-06-15,8,Table Games,Desktop,13,40,-24.21
S000111,P100011,Paid Search,2025-06-17,10,Sportsbook,Android App,14,33,84.04
S000112,P100011,Paid Search,2025-07-01,24,Slots,iOS App,10,20,30.79
S000113,P100011,Paid Search,2025-07-06,29,Slots,Mobile Web,10,31,-129.03
S000114,P100012,Retail Crossover,2025-03-30,0,Bingo,Android App,23,15,59.93
S000115,P100012,Retail Crossover,2025-04-02,3,Live Dealer,Desktop,90,255,1165.72
S000116,P100012,Retail Crossover,2025-04-10,11,Slots,Android App,25,15,11.92
S000117,P100013,Affiliate,2025-05-05,0,Slots,Android App,58,43,13.42
S000118,P100013,Affiliate,2025-05-19,14,Sportsbook,Desktop,33,71,197.19
S000119,P100013,Affiliate,2025-05-20,15,Table Games,iOS App,7,14,35.93
S000120,P100014,Paid Search,2025-05-01,0,Live Dealer,Mobile Web,30,35,46.09
S000121,P100014,Paid Search,2025-05-02,1,Table Games,Android App,10,5,1.98
S000122,P100014,Paid Search,2025-05-07,6,Sportsbook,Desktop,8,21,2.96
S000123,P100015,Paid Social,2025-02-03,0,Live Dealer,Mobile Web,12,10,-82.64
S000124,P100015,Paid Social,2025-02-04,1,Slots,Mobile Web,116,316,-1900.85
S000125,P100015,Paid Social,2025-02-05,2,Slots,Desktop,15,42,-106.12
S000126,P100015,Paid Social,2025-02-06,3,Live Dealer,Mobile Web,23,36,-54.93
S000127,P100015,Paid Social,2025-02-09,6,Live Dealer,Desktop,12,16,-24.16
S000128,P100016,Organic,2025-01-03,0,Slots,iOS App,9,13,30.6
S000129,P100017,Paid Social,2025-06-19,0,Bingo,iOS App,26,29,126.34
S000130,P100017,Paid Social,2025-06-27,8,Table Games,Desktop,13,12,-1.05
S000131,P100017,Paid Social,2025-06-30,11,Live Dealer,iOS App,8,7,3.89
S000132,P100018,Retail Crossover,2025-05-09,0,Table Games,Mobile Web,24,53,41.08
S000133,P100019,Retail Crossover,2025-03-01,0,Table Games,iOS App,29,42,-6.0
S000134,P100019,Retail Crossover,2025-03-04,3,Bingo,Mobile Web,23,39,10.24
S000135,P100019,Retail Crossover,2025-03-06,5,Live Dealer,iOS App,12,34,62.45
S000136,P100019,Retail Crossover,2025-03-07,6,Live Dealer,Android App,20,37,330.95
S000137,P100020,Organic,2025-01-23,0,Live Dealer,iOS App,19,11,-1.0
S000138,P100020,Organic,2025-01-26,3,Live Dealer,Mobile Web,14,19,-12.42
S000139,P100020,Organic,2025-02-09,17,Slots,Android App,21,56,-107.38
S000140,P100020,Organic,2025-02-10,18,Bingo,iOS App,131,413,334.67
S000141,P100020,Organic,2025-02-24,32,Sportsbook,iOS App,10,11,-7.73
S000142,P100020,Organic,2025-02-27,35,Slots,Desktop,45,122,-92.76
S000143,P100020,Organic,2025-03-13,49,Table Games,Android App,12,13,11.14
S000144,P100021,Paid Social,2025-02-05,0,Table Games,iOS App,22,52,-85.89
S000145,P100021,Paid Social,2025-02-08,3,Bingo,iOS App,10,17,-29.49
S000146,P100021,Paid Social,2025-02-16,11,Sportsbook,iOS App,17,21,61.83
S000147,P100021,Paid Social,2025-02-18,13,Sportsbook,iOS App,46,66,111.67
S000148,P100021,Paid Social,2025-02-19,14,Sportsbook,Desktop,15,22,-43.55
S000149,P100021,Paid Social,2025-02-24,19,Live Dealer,Android App,14,27,-0.22
S000150,P100021,Paid Social,2025-02-27,22,Slots,iOS App,20,62,-352.07
S000151,P100021,Paid Social,2025-03-01,24,Table Games,Mobile Web,8,20,23.84
S000152,P100021,Paid Social,2025-03-04,27,Bingo,Mobile Web,9,22,-109.93
S000153,P100021,Paid Social,2025-03-05,28,Live Dealer,iOS App,23,12,-80.73
S000154,P100021,Paid Social,2025-03-10,33,Bingo,Desktop,14,41,-3.45
S000155,P100021,Paid Social,2025-03-11,34,Bingo,Desktop,56,173,-567.66
S000156,P100021,Paid Social,2025-03-12,35,Sportsbook,Desktop,5,14,-20.07
S000157,P100021,Paid Social,2025-03-13,36,Table Games,Desktop,15,30,-43.63
S000158,P100021,Paid Social,2025-03-14,37,Sportsbook,Mobile Web,16,37,86.75
S000159,P100021,Paid Social,2025-03-17,40,Live Dealer,iOS App,34,79,-265.66
S000160,P100021,Paid Social,2025-03-25,48,Slots,Android App,28,60,6.47
S000161,P100021,Paid Social,2025-03-30,53,Live Dealer,iOS App,40,56,218.51
S000162,P100021,Paid Social,2025-04-07,61,Slots,Android App,6,4,5.72
S000163,P100021,Paid Social,2025-04-08,62,Table Games,Desktop,18,11,-11.55
S000164,P100021,Paid Social,2025-04-09,63,Live Dealer,Desktop,16,22,-134.06
S000165,P100021,Paid Social,2025-04-12,66,Live Dealer,Android App,16,40,-120.14
S000166,P100022,Retail Crossover,2025-05-20,0,Table Games,Mobile Web,30,87,457.73
S000167,P100022,Retail Crossover,2025-05-25,5,Bingo,Desktop,71,201,512.04
S000168,P100022,Retail Crossover,2025-05-28,8,Table Games,Desktop,18,49,43.49
S000169,P100022,Retail Crossover,2025-05-31,11,Live Dealer,Android App,42,35,131.44
S000170,P100022,Retail Crossover,2025-06-08,19,Bingo,Mobile Web,56,113,59.24
S000171,P100022,Retail Crossover,2025-06-16,27,Sportsbook,Mobile Web,24,75,-64.85
S000172,P100022,Retail Crossover,2025-06-24,35,Slots,iOS App,14,27,156.52
S000173,P100023,Retail Crossover,2025-04-14,0,Bingo,Desktop,14,36,281.26
S000174,P100023,Retail Crossover,2025-04-15,1,Bingo,iOS App,15,46,64.38
S000175,P100023,Retail Crossover,2025-04-18,4,Live Dealer,Mobile Web,7,11,-31.63
S000176,P100023,Retail Crossover,2025-04-26,12,Bingo,Mobile Web,12,5,19.46
S000177,P100023,Retail Crossover,2025-04-27,13,Bingo,Desktop,14,7,32.02
S000178,P100023,Retail Crossover,2025-05-02,18,Sportsbook,Mobile Web,39,60,-100.38
S000179,P100023,Retail Crossover,2025-05-07,23,Slots,Android App,21,65,-153.1
S000180,P100023,Retail Crossover,2025-05-12,28,Table Games,iOS App,21,59,624.58
S000181,P100023,Retail Crossover,2025-05-20,36,Slots,Mobile Web,16,48,-159.1
S000182,P100023,Retail Crossover,2025-06-03,50,Sportsbook,Mobile Web,80,84,26.94
S000183,P100023,Retail Crossover,2025-06-06,53,Live Dealer,Android App,17,23,54.17
S000184,P100023,Retail Crossover,2025-06-11,58,Bingo,iOS App,46,90,-429.35
S000185,P100024,Retail Crossover,2025-02-12,0,Live Dealer,iOS App,21,21,118.62
S000186,P100025,Organic,2025-06-10,0,Bingo,Desktop,7,11,-17.34
S000187,P100026,Affiliate,2025-04-15,0,Table Games,Mobile Web,3,8,-4.2
S000188,P100026,Affiliate,2025-04-16,1,Slots,Android App,12,27,32.27
S000189,P100026,Affiliate,2025-04-30,15,Table Games,Android App,54,135,382.39
S000190,P100026,Affiliate,2025-05-08,23,Bingo,Mobile Web,43,47,-62.41
S000191,P100027,Paid Social,2025-02-20,0,Bingo,Desktop,16,50,19.29
S000192,P100027,Paid Social,2025-02-21,1,Live Dealer,Desktop,68,213,-9.78
S000193,P100027,Paid Social,2025-02-24,4,Live Dealer,Desktop,21,33,84.8
S000194,P100027,Paid Social,2025-02-25,5,Table Games,Desktop,35,98,325.09
S000195,P100027,Paid Social,2025-02-26,6,Bingo,Android App,23,18,-84.54
S000196,P100027,Paid Social,2025-02-27,7,Table Games,Desktop,32,75,-34.04
S000197,P100028,Affiliate,2025-05-08,0,Slots,iOS App,24,26,-153.37
S000198,P100028,Affiliate,2025-05-22,14,Bingo,Android App,22,66,73.66
S000199,P100028,Affiliate,2025-05-27,19,Bingo,Android App,39,63,89.48
S000200,P100028,Affiliate,2025-05-29,21,Table Games,Desktop,23,43,-31.02
S000201,P100028,Affiliate,2025-06-06,29,Live Dealer,Mobile Web,28,29,-89.05
S000202,P100028,Affiliate,2025-06-07,30,Live Dealer,iOS App,50,33,55.27
S000203,P100028,Affiliate,2025-06-10,33,Sportsbook,iOS App,18,42,81.73
S000204,P100028,Affiliate,2025-06-24,47,Bingo,Mobile Web,35,102,391.96
S000205,P100028,Affiliate,2025-06-29,52,Slots,iOS App,13,41,-145.91
S000206,P100028,Affiliate,2025-07-01,54,Live Dealer,Android App,53,39,-99.44
S000207,P100028,Affiliate,2025-07-09,62,Sportsbook,iOS App,12,5,-0.86
S000208,P100028,Affiliate,2025-07-14,67,Live Dealer,Android App,18,32,13.5
S000209,P100029,Retail Crossover,2025-03-23,0,Sportsbook,Android App,11,13,-59.02
S000210,P100029,Retail Crossover,2025-03-25,2,Bingo,iOS App,16,9,-3.76
S000211,P100029,Retail Crossover,2025-04-08,16,Table Games,iOS App,14,26,-1.78
S000212,P100029,Retail Crossover,2025-04-16,24,Table Games,Android App,18,46,8.25
S000213,P100029,Retail Crossover,2025-04-24,32,Table Games,iOS App,7,10,-14.59
S000214,P100029,Retail Crossover,2025-05-08,46,Slots,iOS App,34,88,478.88
S000215,P100029,Retail Crossover,2025-05-13,51,Sportsbook,Android App,9,7,-0.72
S000216,P100030,Organic,2025-05-14,0,Slots,iOS App,44,63,-87.35
S000217,P100030,Organic,2025-05-19,5,Bingo,Android App,9,8,-1.7
S000218,P100030,Organic,2025-06-02,19,Slots,Desktop,17,23,96.45
S000219,P100030,Organic,2025-06-07,24,Live Dealer,Android App,15,28,28.43
S000220,P100030,Organic,2025-06-12,29,Bingo,Mobile Web,21,62,-115.53
S000221,P100030,Organic,2025-06-13,30,Live Dealer,Desktop,11,4,-2.64
S000222,P100030,Organic,2025-06-18,35,Bingo,Desktop,21,66,-2.9
S000223,P100030,Organic,2025-06-21,38,Table Games,Mobile Web,15,26,3.28
S000224,P100030,Organic,2025-06-29,46,Sportsbook,iOS App,11,5,9.66
S000225,P100031,Paid Social,2025-02-01,0,Table Games,Mobile Web,5,15,0.48
S000226,P100032,Retail Crossover,2025-06-16,0,Table Games,iOS App,11,12,-8.33
S000227,P100032,Retail Crossover,2025-06-17,1,Table Games,Android App,121,311,52.13
S000228,P100032,Retail Crossover,2025-06-25,9,Slots,Desktop,7,20,91.12
S000229,P100032,Retail Crossover,2025-06-28,12,Bingo,iOS App,81,89,460.95
S000230,P100032,Retail Crossover,2025-07-03,17,Sportsbook,iOS App,38,31,69.62
S000231,P100032,Retail Crossover,2025-07-17,31,Live Dealer,Mobile Web,8,18,-5.72
S000232,P100032,Retail Crossover,2025-07-19,33,Live Dealer,Desktop,41,77,65.99
S000233,P100032,Retail Crossover,2025-07-20,34,Slots,Mobile Web,78,142,162.37
S000234,P100032,Retail Crossover,2025-08-03,48,Live Dealer,Android App,23,28,121.61
S000235,P100032,Retail Crossover,2025-08-11,56,Slots,Android App,12,21,35.53
S000236,P100032,Retail Crossover,2025-08-19,64,Slots,iOS App,13,40,227.37
S000237,P100032,Retail Crossover,2025-08-20,65,Table Games,iOS App,28,66,-124.27
S000238,P100032,Retail Crossover,2025-08-28,73,Sportsbook,Desktop,6,14,-33.06
S000239,P100032,Retail Crossover,2025-09-11,87,Bingo,Desktop,19,15,3.14
S000240,P100032,Retail Crossover,2025-09-25,101,Live Dealer,Desktop,33,30,96.66
S000241,P100032,Retail Crossover,2025-09-28,104,Table Games,Desktop,20,34,46.02
S000242,P100032,Retail Crossover,2025-10-03,109,Table Games,iOS App,15,11,-24.89
S000243,P100032,Retail Crossover,2025-10-11,117,Live Dealer,Android App,9,22,-37.51
S000244,P100032,Retail Crossover,2025-10-12,118,Bingo,iOS App,70,124,598.85
S000245,P100032,Retail Crossover,2025-10-15,121,Bingo,Android App,28,39,80.37
S000246,P100032,Retail Crossover,2025-10-16,122,Live Dealer,Desktop,80,159,-182.16
S000247,P100032,Retail Crossover,2025-10-17,123,Slots,Android App,182,498,1217.91
S000248,P100032,Retail Crossover,2025-10-22,128,Slots,Desktop,13,14,44.51
S000249,P100033,Affiliate,2025-05-31,0,Bingo,iOS App,12,32,-13.16
S000250,P100033,Affiliate,2025-06-02,2,Bingo,iOS App,15,6,-12.98
S000251,P100034,Retail Crossover,2025-04-17,0,Live Dealer,Android App,32,72,-213.27
S000252,P100034,Retail Crossover,2025-05-01,14,Table Games,Mobile Web,12,10,-5.26
S000253,P100034,Retail Crossover,2025-05-15,28,Live Dealer,Mobile Web,9,22,8.31
S000254,P100035,Paid Social,2025-04-01,0,Bingo,iOS App,15,12,-27.5
S000255,P100035,Paid Social,2025-04-02,1,Bingo,Desktop,17,7,2.07
S000256,P100036,Paid Search,2025-01-13,0,Bingo,iOS App,21,60,46.4
S000257,P100036,Paid Search,2025-01-15,2,Sportsbook,Desktop,42,87,14.89
S000258,P100036,Paid Search,2025-01-18,5,Live Dealer,Mobile Web,46,35,2.25
S000259,P100037,Organic,2025-02-26,0,Bingo,Desktop,39,90,81.46
S000260,P100038,Paid Social,2025-01-23,0,Bingo,Android App,14,26,28.71
S000261,P100039,Paid Social,2025-03-23,0,Live Dealer,Desktop,8,8,58.9
S000262,P100040,Organic,2025-06-26,0,Bingo,Mobile Web,46,145,-382.94
S000263,P100041,Affiliate,2025-02-22,0,Slots,Desktop,12,33,120.0
S000264,P100042,Retail Crossover,2025-06-13,0,Slots,Android App,21,55,15.44
S000265,P100043,Retail Crossover,2025-04-18,0,Live Dealer,Desktop,39,117,474.65
S000266,P100044,Retail Crossover,2025-05-02,0,Bingo,Mobile Web,68,120,652.52
S000267,P100045,Paid Search,2025-02-20,0,Sportsbook,iOS App,10,8,9.44
S000268,P100046,Retail Crossover,2025-03-27,0,Table Games,Mobile Web,7,21,50.69
S000269,P100047,Organic,2025-06-08,0,Live Dealer,iOS App,58,50,-194.36
S000270,P100047,Organic,2025-06-10,2,Live Dealer,Desktop,18,23,24.18
S000271,P100048,Retail Crossover,2025-02-25,0,Bingo,Desktop,17,36,-19.67
S000272,P100048,Retail Crossover,2025-03-11,14,Live Dealer,Desktop,8,14,-9.45
S000273,P100049,Retail Crossover,2025-05-06,0,Sportsbook,iOS App,30,51,-374.11
S000274,P100049,Retail Crossover,2025-05-09,3,Live Dealer,Android App,8,11,-27.91
S000275,P100049,Retail Crossover,2025-05-12,6,Table Games,Mobile Web,9,14,-2.65
S000276,P100049,Retail Crossover,2025-05-20,14,Live Dealer,Android App,14,7,-1.46
S000277,P100049,Retail Crossover,2025-05-25,19,Bingo,Android App,25,36,-114.12
S000278,P100049,Retail Crossover,2025-05-27,21,Slots,Desktop,18,7,-73.3
S000279,P100049,Retail Crossover,2025-06-01,26,Bingo,Mobile Web,5,9,12.67
S000280,P100049,Retail Crossover,2025-06-03,28,Sportsbook,Android App,47,128,837.84
S000281,P100049,Retail Crossover,2025-06-11,36,Live Dealer,Android App,13,12,-5.51
S000282,P100049,Retail Crossover,2025-06-19,44,Live Dealer,Mobile Web,15,42,3.15
S000283,P100049,Retail Crossover,2025-07-03,58,Slots,Desktop,18,31,40.42
S000284,P100049,Retail Crossover,2025-07-05,60,Bingo,Android App,22,22,-0.6
S000285,P100049,Retail Crossover,2025-07-06,61,Sportsbook,iOS App,14,33,-255.79
S000286,P100049,Retail Crossover,2025-07-07,62,Bingo,iOS App,34,37,30.84
S000287,P100049,Retail Crossover,2025-07-08,63,Sportsbook,Android App,60,148,-108.36
S000288,P100049,Retail Crossover,2025-07-09,64,Table Games,Mobile Web,22,61,-68.07
S000289,P100049,Retail Crossover,2025-07-11,66,Table Games,iOS App,22,20,-42.74
S000290,P100049,Retail Crossover,2025-07-12,67,Slots,Desktop,32,87,449.65
S000291,P100049,Retail Crossover,2025-07-17,72,Bingo,Mobile Web,27,60,109.28
S000292,P100049,Retail Crossover,2025-07-25,80,Table Games,Desktop,28,19,84.05
S000293,P100049,Retail Crossover,2025-08-08,94,Live Dealer,Mobile Web,9,22,31.73
S000294,P100049,Retail Crossover,2025-08-10,96,Bingo,iOS App,13,40,-62.65
S000295,P100049,Retail Crossover,2025-08-13,99,Slots,Desktop,23,37,504.86
S000296,P100049,Retail Crossover,2025-08-16,102,Table Games,Android App,20,50,-6.08
S000297,P100049,Retail Crossover,2025-08-18,104,Table Games,Desktop,12,32,6.47
S000298,P100050,Organic,2025-02-23,0,Live Dealer,iOS App,11,14,2.66
S000299,P100051,Paid Social,2025-05-17,0,Sportsbook,iOS App,7,18,-22.66
S000300,P100052,Affiliate,2025-06-18,0,Bingo,Android App,7,7,11.37
S000301,P100052,Affiliate,2025-06-19,1,Slots,Mobile Web,14,22,35.85
S000302,P100053,Paid Social,2025-02-22,0,Slots,Android App,6,18,-65.19
S000303,P100053,Paid Social,2025-02-27,5,Live Dealer,Android App,18,12,12.14
S000304,P100053,Paid Social,2025-03-01,7,Table Games,Desktop,25,17,-3.56
S000305,P100053,Paid Social,2025-03-02,8,Bingo,iOS App,17,20,8.37
S000306,P100053,Paid Social,2025-03-10,16,Table Games,iOS App,29,46,-122.36
S000307,P100053,Paid Social,2025-03-24,30,Live Dealer,Mobile Web,25,69,170.42
S000308,P100053,Paid Social,2025-03-29,35,Slots,Desktop,18,11,3.04
S000309,P100053,Paid Social,2025-04-12,49,Sportsbook,Desktop,17,39,3.83
S000310,P100053,Paid Social,2025-04-26,63,Slots,Mobile Web,55,26,25.86
S000311,P100053,Paid Social,2025-05-01,68,Sportsbook,Android App,7,15,54.65
S000312,P100053,Paid Social,2025-05-09,76,Table Games,Desktop,21,49,-321.71
S000313,P100053,Paid Social,2025-05-10,77,Live Dealer,Mobile Web,14,31,24.99
S000314,P100054,Retail Crossover,2025-03-26,0,Slots,Mobile Web,17,50,14.09
S000315,P100055,Retail Crossover,2025-04-26,0,Bingo,Android App,11,9,11.47
S000316,P100055,Retail Crossover,2025-04-28,2,Table Games,iOS App,50,21,69.44
S000317,P100055,Retail Crossover,2025-04-29,3,Table Games,iOS App,36,63,1044.25
S000318,P100055,Retail Crossover,2025-05-13,17,Bingo,iOS App,5,12,-19.62
S000319,P100055,Retail Crossover,2025-05-18,22,Sportsbook,Desktop,11,24,114.45
S000320,P100056,Paid Search,2025-05-19,0,Live Dealer,iOS App,7,20,-20.71
S000321,P100056,Paid Search,2025-05-22,3,Slots,Android App,9,8,4.51
S000322,P100056,Paid Search,2025-05-23,4,Slots,Android App,16,47,3.55
S000323,P100056,Paid Search,2025-05-24,5,Bingo,Desktop,26,24,-17.12
S000324,P100056,Paid Search,2025-05-25,6,Table Games,Mobile Web,20,34,-106.6
S000325,P100056,Paid Search,2025-05-26,7,Live Dealer,iOS App,97,128,-126.14
S000326,P100057,Paid Search,2025-05-21,0,Table Games,iOS App,47,42,-69.0
S000327,P100057,Paid Search,2025-05-24,3,Bingo,Mobile Web,75,96,259.95
S000328,P100057,Paid Search,2025-05-26,5,Live Dealer,iOS App,14,12,9.36
S000329,P100057,Paid Search,2025-05-31,10,Bingo,Android App,16,9,7.97
S000330,P100057,Paid Search,2025-06-02,12,Sportsbook,iOS App,13,20,10.42
S000331,P100058,Retail Crossover,2025-03-28,0,Bingo,Mobile Web,50,24,-35.4
S000332,P100058,Retail Crossover,2025-04-11,14,Sportsbook,Android App,21,56,-23.08
S000333,P100059,Organic,2025-02-07,0,Table Games,Desktop,23,22,7.54
S000334,P100060,Affiliate,2025-05-31,0,Live Dealer,Mobile Web,42,93,85.88
S000335,P100060,Affiliate,2025-06-03,3,Sportsbook,Mobile Web,21,39,-120.19
S000336,P100060,Affiliate,2025-06-08,8,Bingo,Mobile Web,20,54,-276.87
S000337,P100060,Affiliate,2025-06-09,9,Sportsbook,Mobile Web,6,17,-58.73
S000338,P100060,Affiliate,2025-06-10,10,Table Games,Android App,23,18,-19.58
S000339,P100060,Affiliate,2025-06-11,11,Sportsbook,Android App,4,7,59.53
S000340,P100060,Affiliate,2025-06-19,19,Table Games,Desktop,20,33,-36.76
S000341,P100061,Paid Search,2025-03-13,0,Bingo,Desktop,7,12,7.93
S000342,P100061,Paid Search,2025-03-14,1,Bingo,Desktop,59,171,-42.94
S000343,P100061,Paid Search,2025-03-19,6,Bingo,Mobile Web,8,10,11.62
S000344,P100061,Paid Search,2025-03-22,9,Slots,iOS App,7,14,-70.88
S000345,P100061,Paid Search,2025-04-05,23,Slots,Desktop,36,74,218.69
S000346,P100061,Paid Search,2025-04-19,37,Slots,Desktop,20,17,32.47
S000347,P100061,Paid Search,2025-04-22,40,Sportsbook,Desktop,31,95,-289.29
S000348,P100062,Affiliate,2025-04-26,0,Bingo,Desktop,69,139,56.88
S000349,P100062,Affiliate,2025-04-29,3,Slots,Android App,39,104,73.55
S000350,P100062,Affiliate,2025-04-30,4,Live Dealer,iOS App,8,19,99.82
S000351,P100063,Organic,2025-06-02,0,Bingo,Desktop,43,55,192.13
S000352,P100063,Organic,2025-06-04,2,Table Games,Desktop,14,40,93.16
S000353,P100063,Organic,2025-06-09,7,Live Dealer,iOS App,23,39,169.35
S000354,P100063,Organic,2025-06-23,21,Bingo,Mobile Web,15,7,3.61
S000355,P100063,Organic,2025-07-01,29,Bingo,iOS App,10,23,-34.12
S000356,P100064,Retail Crossover,2025-01-14,0,Sportsbook,Android App,25,24,-5.87
S000357,P100064,Retail Crossover,2025-01-17,3,Bingo,iOS App,63,153,343.38
S000358,P100065,Paid Social,2025-05-05,0,Live Dealer,iOS App,9,16,-27.36
S000359,P100065,Paid Social,2025-05-08,3,Bingo,Android App,9,22,120.29
S000360,P100066,Paid Search,2025-01-07,0,Bingo,Mobile Web,11,14,25.0
S000361,P100066,Paid Search,2025-01-08,1,Live Dealer,Mobile Web,7,15,3.34
S000362,P100066,Paid Search,2025-01-09,2,Slots,Android App,47,20,-16.98
S000363,P100067,Organic,2025-04-27,0,Live Dealer,Mobile Web,11,11,-7.21
S000364,P100067,Organic,2025-05-05,8,Table Games,Android App,9,18,-99.2
S000365,P100067,Organic,2025-05-10,13,Table Games,Android App,84,59,23.1
S000366,P100067,Organic,2025-05-11,14,Slots,iOS App,41,88,4.89
S000367,P100067,Organic,2025-05-13,16,Slots,Mobile Web,23,23,15.82
S000368,P100067,Organic,2025-05-27,30,Bingo,iOS App,23,55,388.27
S000369,P100067,Organic,2025-05-28,31,Slots,Desktop,48,120,360.21
S000370,P100067,Organic,2025-05-29,32,Slots,iOS App,31,91,-215.79
S000371,P100067,Organic,2025-06-01,35,Table Games,iOS App,8,24,-23.54
S000372,P100068,Paid Search,2025-03-18,0,Table Games,Android App,23,48,9.01
S000373,P100069,Paid Social,2025-05-08,0,Bingo,iOS App,90,89,244.39
S000374,P100069,Paid Social,2025-05-13,5,Slots,iOS App,21,57,97.05
S000375,P100069,Paid Social,2025-05-14,6,Slots,Desktop,93,296,309.93
S000376,P100069,Paid Social,2025-05-17,9,Sportsbook,iOS App,12,23,6.06
S000377,P100069,Paid Social,2025-05-20,12,Slots,Desktop,32,54,-110.06
S000378,P100069,Paid Social,2025-05-23,15,Live Dealer,Mobile Web,17,40,-90.51
S000379,P100069,Paid Social,2025-05-26,18,Slots,Android App,8,10,6.92
S000380,P100069,Paid Social,2025-05-28,20,Live Dealer,Android App,14,14,-48.43
S000381,P100069,Paid Social,2025-05-30,22,Sportsbook,Android App,24,19,8.57
S000382,P100069,Paid Social,2025-06-01,24,Bingo,iOS App,10,26,-140.18
S000383,P100069,Paid Social,2025-06-02,25,Sportsbook,Android App,6,4,-1.13
S000384,P100069,Paid Social,2025-06-05,28,Slots,Mobile Web,5,2,0.61
S000385,P100069,Paid Social,2025-06-07,30,Table Games,Desktop,51,148,515.56
S000386,P100069,Paid Social,2025-06-12,35,Bingo,Android App,25,49,-17.11
S000387,P100069,Paid Social,2025-06-17,40,Sportsbook,Android App,28,34,-55.64
S000388,P100069,Paid Social,2025-06-25,48,Table Games,Mobile Web,13,18,32.57
S000389,P100070,Paid Search,2025-02-17,0,Bingo,Android App,31,89,23.62
S000390,P100070,Paid Search,2025-02-18,1,Bingo,Desktop,41,28,-152.15
S000391,P100070,Paid Search,2025-03-04,15,Slots,iOS App,73,232,268.93
S000392,P100071,Organic,2025-06-29,0,Slots,Desktop,57,96,421.43
S000393,P100071,Organic,2025-07-02,3,Live Dealer,Mobile Web,20,20,60.26
S000394,P100072,Paid Search,2025-01-18,0,Slots,iOS App,13,41,110.25
S000395,P100072,Paid Search,2025-01-21,3,Live Dealer,iOS App,13,18,8.15
S000396,P100072,Paid Search,2025-01-29,11,Table Games,Mobile Web,88,156,88.1
S000397,P100072,Paid Search,2025-02-01,14,Slots,Desktop,13,28,126.84
S000398,P100072,Paid Search,2025-02-06,19,Slots,Mobile Web,12,36,-64.81
S000399,P100072,Paid Search,2025-02-07,20,Live Dealer,iOS App,12,29,-46.73
S000400,P100072,Paid Search,2025-02-10,23,Bingo,Mobile Web,20,41,108.26
S000401,P100073,Organic,2025-03-23,0,Bingo,iOS App,16,40,39.53
S000402,P100073,Organic,2025-03-26,3,Bingo,Desktop,38,26,-6.49
S000403,P100073,Organic,2025-04-09,17,Slots,Desktop,38,77,-130.57
S000404,P100073,Organic,2025-04-17,25,Sportsbook,Android App,65,27,-30.29
S000405,P100073,Organic,2025-04-18,26,Slots,Desktop,17,29,68.4
S000406,P100074,Paid Search,2025-05-31,0,Live Dealer,Desktop,25,27,27.71
S000407,P100075,Retail Crossover,2025-04-29,0,Live Dealer,Mobile Web,29,56,166.06
S000408,P100075,Retail Crossover,2025-05-01,2,Slots,Android App,41,106,407.95
S000409,P100075,Retail Crossover,2025-05-02,3,Bingo,iOS App,9,15,28.33
S000410,P100075,Retail Crossover,2025-05-05,6,Bingo,Android App,25,56,-58.41
S000411,P100075,Retail Crossover,2025-05-06,7,Live Dealer,iOS App,15,12,17.13
S000412,P100075,Retail Crossover,2025-05-09,10,Live Dealer,Android App,11,25,-26.75
S000413,P100075,Retail Crossover,2025-05-10,11,Live Dealer,Mobile Web,46,59,153.61
S000414,P100075,Retail Crossover,2025-05-11,12,Bingo,Mobile Web,29,52,33.03
S000415,P100076,Organic,2025-05-07,0,Slots,Mobile Web,22,45,-117.93
S000416,P100076,Organic,2025-05-08,1,Slots,Android App,14,10,60.09
S000417,P100077,Organic,2025-05-02,0,Bingo,Desktop,11,26,205.37
S000418,P100077,Organic,2025-05-16,14,Bingo,iOS App,5,5,28.77
S000419,P100077,Organic,2025-05-17,15,Table Games,Mobile Web,29,74,-135.85
S000420,P100077,Organic,2025-05-18,16,Bingo,Desktop,56,68,79.53
S000421,P100078,Retail Crossover,2025-05-31,0,Bingo,Desktop,16,19,17.41
S000422,P100078,Retail Crossover,2025-06-03,3,Table Games,Android App,4,5,3.95
S000423,P100078,Retail Crossover,2025-06-05,5,Slots,iOS App,33,71,-47.9
S000424,P100078,Retail Crossover,2025-06-13,13,Sportsbook,Desktop,14,31,150.72
S000425,P100078,Retail Crossover,2025-06-18,18,Live Dealer,Desktop,13,8,1.99
S000426,P100078,Retail Crossover,2025-06-19,19,Slots,Mobile Web,13,32,359.68
S000427,P100078,Retail Crossover,2025-06-27,27,Slots,Desktop,21,14,-10.67
S000428,P100078,Retail Crossover,2025-06-29,29,Bingo,Desktop,12,9,84.39
S000429,P100078,Retail Crossover,2025-07-01,31,Live Dealer,Mobile Web,15,43,-399.0
S000430,P100078,Retail Crossover,2025-07-04,34,Slots,iOS App,23,41,-71.91
S000431,P100078,Retail Crossover,2025-07-09,39,Sportsbook,Desktop,19,7,-28.09
S000432,P100078,Retail Crossover,2025-07-17,47,Table Games,iOS App,12,19,134.01
S000433,P100078,Retail Crossover,2025-07-19,49,Table Games,Mobile Web,11,32,39.37
S000434,P100078,Retail Crossover,2025-07-27,57,Bingo,Mobile Web,22,58,-57.6
S000435,P100078,Retail Crossover,2025-08-01,62,Bingo,Desktop,21,35,105.82
S000436,P100078,Retail Crossover,2025-08-09,70,Live Dealer,Android App,15,32,-30.65
S000437,P100079,Retail Crossover,2025-02-23,0,Bingo,Mobile Web,7,18,-16.93
S000438,P100080,Organic,2025-01-12,0,Live Dealer,iOS App,21,65,26.24
S000439,P100081,Retail Crossover,2025-04-14,0,Slots,Mobile Web,17,37,-140.25
S000440,P100081,Retail Crossover,2025-04-15,1,Table Games,iOS App,30,49,-0.52
S000441,P100081,Retail Crossover,2025-04-18,4,Live Dealer,Android App,13,10,-10.7
S000442,P100081,Retail Crossover,2025-04-23,9,Bingo,Mobile Web,9,20,16.24
S000443,P100081,Retail Crossover,2025-04-28,14,Live Dealer,Desktop,48,38,42.5
S000444,P100081,Retail Crossover,2025-05-03,19,Table Games,Android App,17,30,-3.67
S000445,P100081,Retail Crossover,2025-05-05,21,Sportsbook,Android App,7,18,-2.85
S000446,P100081,Retail Crossover,2025-05-08,24,Slots,Mobile Web,41,72,-284.52
S000447,P100081,Retail Crossover,2025-05-11,27,Live Dealer,Desktop,8,8,-14.01
S000448,P100082,Retail Crossover,2025-05-23,0,Bingo,Mobile Web,22,48,-32.4
S000449,P100082,Retail Crossover,2025-05-24,1,Table Games,Desktop,10,28,7.53
S000450,P100082,Retail Crossover,2025-05-25,2,Slots,Mobile Web,6,12,-32.52
S000451,P100082,Retail Crossover,2025-05-26,3,Sportsbook,iOS App,47,70,212.35
S000452,P100082,Retail Crossover,2025-05-27,4,Live Dealer,Android App,19,42,-229.47
S000453,P100082,Retail Crossover,2025-06-04,12,Live Dealer,iOS App,45,142,274.66
S000454,P100082,Retail Crossover,2025-06-05,13,Bingo,iOS App,9,7,-12.5
S000455,P100082,Retail Crossover,2025-06-07,15,Table Games,Mobile Web,14,13,-96.63
S000456,P100082,Retail Crossover,2025-06-21,29,Table Games,iOS App,34,49,22.59
S000457,P100082,Retail Crossover,2025-07-05,43,Live Dealer,Android App,16,24,-93.01
S000458,P100082,Retail Crossover,2025-07-13,51,Table Games,Desktop,8,9,-48.01
S000459,P100082,Retail Crossover,2025-07-16,54,Slots,Mobile Web,7,14,28.4
S000460,P100082,Retail Crossover,2025-07-21,59,Table Games,iOS App,12,10,-28.18
S000461,P100082,Retail Crossover,2025-07-24,62,Live Dealer,Mobile Web,10,20,120.61
S000462,P100082,Retail Crossover,2025-07-25,63,Live Dealer,Mobile Web,12,5,2.86
S000463,P100082,Retail Crossover,2025-07-26,64,Sportsbook,Desktop,12,35,44.44
S000464,P100082,Retail Crossover,2025-08-09,78,Bingo,Desktop,9,6,13.38
S000465,P100082,Retail Crossover,2025-08-12,81,Table Games,Mobile Web,54,27,80.08
S000466,P100082,Retail Crossover,2025-08-13,82,Sportsbook,Android App,8,6,-3.12
S000467,P100082,Retail Crossover,2025-08-14,83,Live Dealer,Desktop,65,59,302.02
S000468,P100082,Retail Crossover,2025-08-15,84,Slots,iOS App,4,10,-10.35
S000469,P100082,Retail Crossover,2025-08-23,92,Live Dealer,iOS App,31,93,301.57
S000470,P100082,Retail Crossover,2025-08-24,93,Slots,Android App,42,101,-45.13
S000471,P100082,Retail Crossover,2025-08-27,96,Slots,iOS App,49,65,-71.38
S000472,P100082,Retail Crossover,2025-08-28,97,Sportsbook,iOS App,14,39,-33.96
S000473,P100082,Retail Crossover,2025-09-02,102,Table Games,Desktop,31,60,-182.25
S000474,P100082,Retail Crossover,2025-09-05,105,Bingo,Android App,33,59,520.3
S000475,P100082,Retail Crossover,2025-09-06,106,Sportsbook,iOS App,8,20,-8.92
S000476,P100082,Retail Crossover,2025-09-20,120,Table Games,Desktop,223,362,-894.26
S000477,P100082,Retail Crossover,2025-09-25,125,Bingo,Desktop,4,11,91.92
S000478,P100083,Organic,2025-03-20,0,Bingo,Desktop,9,28,-63.53
S000479,P100083,Organic,2025-03-23,3,Slots,Desktop,35,43,401.84
S000480,P100083,Organic,2025-03-25,5,Live Dealer,Android App,22,53,-120.0
S000481,P100084,Organic,2025-06-01,0,Bingo,Mobile Web,40,122,-60.39
S000482,P100084,Organic,2025-06-09,8,Sportsbook,iOS App,42,124,42.52
S000483,P100084,Organic,2025-06-11,10,Live Dealer,iOS App,18,31,-1.74
S000484,P100084,Organic,2025-06-19,18,Live Dealer,iOS App,30,82,-24.32
S000485,P100084,Organic,2025-06-20,19,Table Games,iOS App,25,25,9.0
S000486,P100085,Retail Crossover,2025-02-09,0,Table Games,Mobile Web,12,8,0.05
S000487,P100086,Affiliate,2025-03-10,0,Bingo,iOS App,16,44,-22.76
S000488,P100086,Affiliate,2025-03-18,8,Bingo,Desktop,4,10,83.87
S000489,P100086,Affiliate,2025-03-21,11,Slots,Mobile Web,44,23,-22.02
S000490,P100086,Affiliate,2025-03-24,14,Bingo,iOS App,20,29,124.27
S000491,P100087,Retail Crossover,2025-03-09,0,Slots,iOS App,25,66,-103.31
S000492,P100088,Affiliate,2025-02-28,0,Slots,iOS App,28,14,64.0
S000493,P100089,Retail Crossover,2025-04-06,0,Slots,Desktop,34,100,-224.26
S000494,P100089,Retail Crossover,2025-04-07,1,Bingo,Mobile Web,11,29,6.91
S000495,P100090,Retail Crossover,2025-05-25,0,Bingo,Desktop,11,28,-45.02
S000496,P100090,Retail Crossover,2025-05-26,1,Table Games,iOS App,14,14,31.26
S000497,P100091,Affiliate,2025-05-15,0,Slots,Desktop,74,227,-204.86
S000498,P100091,Affiliate,2025-05-17,2,Sportsbook,Mobile Web,8,12,-4.49
S000499,P100092,Affiliate,2025-04-21,0,Table Games,Mobile Web,11,31,24.7
S000500,P100092,Affiliate,2025-04-29,8,Slots,Desktop,20,24,-83.74
S000501,P100093,Paid Social,2025-03-02,0,Table Games,Desktop,7,3,10.72
S000502,P100093,Paid Social,2025-03-03,1,Bingo,Mobile Web,27,66,252.05
S000503,P100094,Organic,2025-01-25,0,Bingo,Android App,23,60,18.8
S000504,P100094,Organic,2025-02-08,14,Sportsbook,Android App,18,53,177.45
S000505,P100094,Organic,2025-02-09,15,Bingo,Android App,21,41,245.69
S000506,P100094,Organic,2025-02-17,23,Bingo,iOS App,32,15,-35.9
S000507,P100094,Organic,2025-02-20,26,Bingo,iOS App,121,77,1.69
S000508,P100094,Organic,2025-02-23,29,Live Dealer,iOS App,45,143,36.88
S000509,P100094,Organic,2025-02-24,30,Bingo,Desktop,24,14,-22.25
S000510,P100094,Organic,2025-02-27,33,Sportsbook,Desktop,11,7,30.11
S000511,P100095,Organic,2025-04-02,0,Live Dealer,iOS App,67,52,32.82
S000512,P100095,Organic,2025-04-10,8,Table Games,Android App,8,24,8.99
S000513,P100095,Organic,2025-04-18,16,Live Dealer,Android App,18,27,37.66
S000514,P100095,Organic,2025-04-19,17,Slots,Android App,21,39,36.39
S000515,P100095,Organic,2025-04-20,18,Table Games,Desktop,14,30,241.9
S000516,P100095,Organic,2025-04-23,21,Table Games,Desktop,13,12,82.09
S000517,P100095,Organic,2025-05-07,35,Slots,Desktop,56,30,-54.17
S000518,P100095,Organic,2025-05-10,38,Live Dealer,Android App,95,41,60.18
S000519,P100095,Organic,2025-05-12,40,Live Dealer,Mobile Web,24,45,23.78
S000520,P100095,Organic,2025-05-20,48,Table Games,Desktop,9,8,40.23
S000521,P100095,Organic,2025-05-23,51,Bingo,Desktop,24,72,137.1
S000522,P100096,Organic,2025-06-30,0,Bingo,Desktop,64,118,-12.39
S000523,P100097,Paid Search,2025-01-13,0,Bingo,Android App,69,204,19.76
S000524,P100098,Retail Crossover,2025-05-01,0,Live Dealer,Mobile Web,28,62,29.07
S000525,P100098,Retail Crossover,2025-05-02,1,Sportsbook,Desktop,25,68,6.33
S000526,P100098,Retail Crossover,2025-05-05,4,Live Dealer,Desktop,9,13,1.7
S000527,P100098,Retail Crossover,2025-05-13,12,Live Dealer,iOS App,19,30,-35.37
S000528,P100098,Retail Crossover,2025-05-16,15,Table Games,iOS App,21,50,-27.5
S000529,P100098,Retail Crossover,2025-05-21,20,Sportsbook,Android App,10,6,3.81
S000530,P100098,Retail Crossover,2025-05-26,25,Bingo,iOS App,6,10,19.1
S000531,P100098,Retail Crossover,2025-06-03,33,Bingo,iOS App,14,31,30.87
S000532,P100099,Affiliate,2025-01-31,0,Live Dealer,Mobile Web,39,20,18.27
S000533,P100099,Affiliate,2025-02-08,8,Bingo,Mobile Web,18,25,38.39
S000534,P100099,Affiliate,2025-02-09,9,Sportsbook,iOS App,21,17,-37.21
S000535,P100100,Paid Social,2025-05-05,0,Live Dealer,Desktop,26,81,1039.3
S000536,P100101,Affiliate,2025-06-29,0,Sportsbook,Desktop,47,86,-131.36
S000537,P100101,Affiliate,2025-06-30,1,Live Dealer,Android App,30,33,-82.61
S000538,P100102,Paid Social,2025-03-16,0,Table Games,iOS App,71,78,-35.52
S000539,P100102,Paid Social,2025-03-18,2,Live Dealer,Mobile Web,12,36,30.35
S000540,P100103,Affiliate,2025-05-12,0,Slots,iOS App,8,22,-43.65
S000541,P100104,Paid Social,2025-04-30,0,Table Games,iOS App,68,157,70.44
S000542,P100104,Paid Social,2025-05-05,5,Sportsbook,Android App,28,89,74.84
S000543,P100104,Paid Social,2025-05-07,7,Sportsbook,Android App,38,85,-82.92
S000544,P100104,Paid Social,2025-05-10,10,Sportsbook,iOS App,44,44,208.2
S000545,P100104,Paid Social,2025-05-24,24,Live Dealer,Desktop,40,119,-0.94
S000546,P100104,Paid Social,2025-06-07,38,Table Games,Desktop,14,25,16.09
S000547,P100104,Paid Social,2025-06-21,52,Slots,iOS App,6,15,31.2
S000548,P100104,Paid Social,2025-06-22,53,Table Games,iOS App,9,16,17.25
S000549,P100105,Paid Search,2025-03-01,0,Slots,Desktop,21,62,70.28
S000550,P100106,Paid Search,2025-06-15,0,Live Dealer,Android App,77,95,-54.6
S000551,P100106,Paid Search,2025-06-17,2,Sportsbook,Android App,3,4,-9.9
S000552,P100106,Paid Search,2025-06-22,7,Slots,Android App,11,17,80.77
S000553,P100106,Paid Search,2025-06-30,15,Sportsbook,iOS App,51,51,269.55
S000554,P100106,Paid Search,2025-07-05,20,Slots,iOS App,25,76,-577.18
S000555,P100106,Paid Search,2025-07-06,21,Table Games,iOS App,16,12,28.57
S000556,P100106,Paid Search,2025-07-08,23,Bingo,iOS App,9,19,-1.64
S000557,P100106,Paid Search,2025-07-10,25,Live Dealer,iOS App,10,29,13.84
S000558,P100106,Paid Search,2025-07-18,33,Bingo,Mobile Web,20,40,47.27
S000559,P100106,Paid Search,2025-07-20,35,Sportsbook,Android App,35,64,-4.66
S000560,P100106,Paid Search,2025-07-28,43,Table Games,Desktop,71,125,-217.36
S000561,P100106,Paid Search,2025-07-31,46,Bingo,Desktop,4,12,20.92
S000562,P100106,Paid Search,2025-08-03,49,Live Dealer,Mobile Web,34,55,-85.67
S000563,P100107,Affiliate,2025-04-23,0,Table Games,Android App,25,70,13.07
S000564,P100108,Paid Search,2025-05-23,0,Bingo,Desktop,30,59,33.85
S000565,P100109,Paid Search,2025-02-10,0,Table Games,Mobile Web,8,23,2.97
S000566,P100109,Paid Search,2025-02-13,3,Slots,Mobile Web,55,79,57.48
S000567,P100110,Affiliate,2025-02-01,0,Slots,Mobile Web,27,46,64.89
S000568,P100111,Paid Search,2025-02-12,0,Live Dealer,Android App,32,22,-8.69
S000569,P100111,Paid Search,2025-02-15,3,Slots,Mobile Web,23,19,11.65
S000570,P100111,Paid Search,2025-02-23,11,Bingo,iOS App,10,23,-74.08
S000571,P100111,Paid Search,2025-03-03,19,Sportsbook,iOS App,25,19,-40.51
S000572,P100112,Organic,2025-04-15,0,Bingo,iOS App,25,70,-103.04
S000573,P100113,Paid Search,2025-04-01,0,Slots,Mobile Web,35,57,134.95
S000574,P100113,Paid Search,2025-04-04,3,Live Dealer,Android App,8,13,-0.05
S000575,P100113,Paid Search,2025-04-12,11,Bingo,Mobile Web,33,32,37.32
S000576,P100113,Paid Search,2025-04-13,12,Live Dealer,Mobile Web,59,86,246.3
S000577,P100113,Paid Search,2025-04-16,15,Sportsbook,Desktop,6,10,29.0
S000578,P100113,Paid Search,2025-04-21,20,Table Games,iOS App,36,28,7.72
S000579,P100113,Paid Search,2025-05-05,34,Live Dealer,Desktop,11,22,21.54
S000580,P100113,Paid Search,2025-05-08,37,Bingo,Desktop,56,130,-32.39
S000581,P100113,Paid Search,2025-05-09,38,Sportsbook,Mobile Web,14,12,-4.38
S000582,P100113,Paid Search,2025-05-11,40,Table Games,iOS App,14,12,-13.4
S000583,P100113,Paid Search,2025-05-14,43,Table Games,iOS App,35,45,-198.67
S000584,P100113,Paid Search,2025-05-22,51,Slots,Android App,20,23,3.91
S000585,P100113,Paid Search,2025-05-25,54,Table Games,iOS App,19,54,-24.71
S000586,P100113,Paid Search,2025-05-26,55,Sportsbook,iOS App,22,15,-27.12
S000587,P100113,Paid Search,2025-05-28,57,Live Dealer,Mobile Web,13,10,-10.72
S000588,P100113,Paid Search,2025-05-29,58,Sportsbook,iOS App,23,56,-146.4
S000589,P100113,Paid Search,2025-06-03,63,Slots,Desktop,9,25,-2.38
S000590,P100113,Paid Search,2025-06-06,66,Sportsbook,Desktop,20,21,99.14
S000591,P100113,Paid Search,2025-06-11,71,Slots,Mobile Web,5,6,10.77
S000592,P100114,Affiliate,2025-05-15,0,Slots,Mobile Web,93,147,-217.64
S000593,P100115,Organic,2025-05-01,0,Live Dealer,Mobile Web,6,10,15.04
S000594,P100115,Organic,2025-05-02,1,Table Games,Mobile Web,49,93,338.61
S000595,P100115,Organic,2025-05-03,2,Table Games,iOS App,13,23,27.57
S000596,P100115,Organic,2025-05-06,5,Bingo,iOS App,20,12,10.57
S000597,P100115,Organic,2025-05-20,19,Table Games,iOS App,34,65,81.72
S000598,P100115,Organic,2025-05-21,20,Slots,Desktop,31,37,54.91
S000599,P100115,Organic,2025-05-26,25,Live Dealer,iOS App,30,22,-6.5
S000600,P100115,Organic,2025-05-27,26,Bingo,iOS App,6,11,2.47
S000601,P100116,Organic,2025-05-27,0,Live Dealer,Desktop,8,21,15.31
S000602,P100116,Organic,2025-06-10,14,Live Dealer,Android App,18,11,35.66
S000603,P100116,Organic,2025-06-13,17,Sportsbook,Desktop,10,13,-3.16
S000604,P100116,Organic,2025-06-15,19,Table Games,Android App,4,5,-23.36
S000605,P100116,Organic,2025-06-17,21,Table Games,iOS App,34,19,-5.84
S000606,P100116,Organic,2025-06-20,24,Slots,Mobile Web,100,278,-1450.2
S000607,P100116,Organic,2025-06-25,29,Slots,Desktop,19,11,8.04
S000608,P100117,Affiliate,2025-06-15,0,Slots,Mobile Web,12,9,24.96
S000609,P100117,Affiliate,2025-06-18,3,Sportsbook,Android App,14,35,-191.01
S000610,P100117,Affiliate,2025-06-20,5,Table Games,iOS App,16,13,-20.73
S000611,P100117,Affiliate,2025-06-21,6,Bingo,Mobile Web,12,13,-0.14
S000612,P100117,Affiliate,2025-06-22,7,Slots,iOS App,4,6,6.64
S000613,P100117,Affiliate,2025-06-24,9,Bingo,Mobile Web,30,84,390.25
S000614,P100117,Affiliate,2025-07-02,17,Live Dealer,Android App,34,74,199.75
S000615,P100118,Organic,2025-05-18,0,Sportsbook,Desktop,71,163,71.59
S000616,P100118,Organic,2025-06-01,14,Sportsbook,iOS App,2,4,15.4
S000617,P100119,Organic,2025-06-17,0,Table Games,Desktop,20,29,-7.76
S000618,P100119,Organic,2025-06-25,8,Bingo,iOS App,8,21,54.46
S000619,P100119,Organic,2025-06-26,9,Table Games,iOS App,18,53,-58.67
S000620,P100119,Organic,2025-06-27,10,Table Games,Desktop,12,27,-23.53
S000621,P100119,Organic,2025-07-05,18,Slots,Desktop,29,23,13.47
S000622,P100119,Organic,2025-07-10,23,Slots,iOS App,41,68,-63.99
S000623,P100120,Affiliate,2025-06-29,0,Slots,Mobile Web,37,30,86.31
S000624,P100120,Affiliate,2025-07-02,3,Table Games,Mobile Web,8,7,-31.0
S000625,P100120,Affiliate,2025-07-05,6,Bingo,Android App,11,19,-22.23
S000626,P100120,Affiliate,2025-07-06,7,Live Dealer,iOS App,9,26,-84.67
S000627,P100120,Affiliate,2025-07-11,12,Sportsbook,Android App,6,11,-10.2
S000628,P100121,Affiliate,2025-01-13,0,Table Games,Mobile Web,19,15,-23.79
S000629,P100121,Affiliate,2025-01-27,14,Slots,Desktop,34,99,112.69
S000630,P100121,Affiliate,2025-01-28,15,Slots,Desktop,47,82,180.08
S000631,P100121,Affiliate,2025-02-11,29,Slots,Android App,13,9,-3.16
S000632,P100121,Affiliate,2025-02-12,30,Table Games,Desktop,37,92,250.6
S000633,P100121,Affiliate,2025-02-17,35,Table Games,Mobile Web,77,244,1786.97
S000634,P100121,Affiliate,2025-02-18,36,Sportsbook,Android App,35,44,51.49
S000635,P100121,Affiliate,2025-02-21,39,Bingo,iOS App,15,39,-28.06
S000636,P100121,Affiliate,2025-02-24,42,Sportsbook,Mobile Web,29,46,174.17
S000637,P100121,Affiliate,2025-03-04,50,Table Games,Android App,33,26,-114.5
S000638,P100121,Affiliate,2025-03-06,52,Bingo,iOS App,36,26,-25.18
S000639,P100121,Affiliate,2025-03-20,66,Sportsbook,Mobile Web,8,6,-15.55
S000640,P100122,Organic,2025-06-19,0,Table Games,Desktop,26,39,-53.98
S000641,P100123,Retail Crossover,2025-02-15,0,Live Dealer,Mobile Web,19,24,5.82
S000642,P100123,Retail Crossover,2025-02-16,1,Slots,iOS App,3,1,0.74
S000643,P100124,Affiliate,2025-03-17,0,Table Games,Mobile Web,17,10,24.16
S000644,P100125,Affiliate,2025-04-23,0,Slots,Mobile Web,56,149,95.78
S000645,P100126,Paid Social,2025-04-08,0,Sportsbook,iOS App,15,27,30.42
S000646,P100126,Paid Social,2025-04-22,14,Bingo,Desktop,19,19,18.51
S000647,P100126,Paid Social,2025-04-27,19,Slots,Mobile Web,23,33,36.02
S000648,P100126,Paid Social,2025-04-30,22,Table Games,Mobile Web,24,63,137.65
S000649,P100126,Paid Social,2025-05-01,23,Table Games,iOS App,6,6,2.14
S000650,P100127,Retail Crossover,2025-03-27,0,Slots,Mobile Web,11,9,29.8
S000651,P100128,Organic,2025-03-16,0,Slots,Mobile Web,15,18,27.01
S000652,P100129,Affiliate,2025-03-26,0,Live Dealer,Desktop,23,29,-32.56
S000653,P100129,Affiliate,2025-03-27,1,Sportsbook,Desktop,48,131,-183.4
S000654,P100129,Affiliate,2025-03-30,4,Sportsbook,Desktop,13,17,-58.45
S000655,P100129,Affiliate,2025-03-31,5,Sportsbook,iOS App,46,95,36.45
S000656,P100130,Retail Crossover,2025-02-13,0,Bingo,Desktop,23,37,19.96
S000657,P100131,Paid Search,2025-05-08,0,Sportsbook,Android App,6,13,-2.37
S000658,P100132,Retail Crossover,2025-05-19,0,Sportsbook,Desktop,5,5,-2.65
S000659,P100132,Retail Crossover,2025-05-20,1,Live Dealer,iOS App,21,50,59.89
S000660,P100132,Retail Crossover,2025-05-21,2,Table Games,Mobile Web,21,60,227.89
S000661,P100132,Retail Crossover,2025-05-24,5,Bingo,iOS App,17,18,-88.25
S000662,P100132,Retail Crossover,2025-05-25,6,Slots,Desktop,28,63,300.62
S000663,P100132,Retail Crossover,2025-06-02,14,Table Games,iOS App,38,42,113.75
S000664,P100132,Retail Crossover,2025-06-03,15,Slots,iOS App,6,6,20.39
S000665,P100132,Retail Crossover,2025-06-05,17,Bingo,Mobile Web,19,43,47.55
S000666,P100132,Retail Crossover,2025-06-08,20,Live Dealer,Mobile Web,24,71,-83.69
S000667,P100132,Retail Crossover,2025-06-10,22,Table Games,Android App,20,24,161.63
S000668,P100133,Paid Search,2025-04-06,0,Sportsbook,iOS App,10,23,26.34
S000669,P100133,Paid Search,2025-04-07,1,Live Dealer,Mobile Web,25,26,93.32
S000670,P100133,Paid Search,2025-04-08,2,Bingo,iOS App,29,47,-69.02
S000671,P100133,Paid Search,2025-04-13,7,Sportsbook,Mobile Web,37,59,79.08
S000672,P100133,Paid Search,2025-04-14,8,Live Dealer,Mobile Web,42,42,6.41
S000673,P100133,Paid Search,2025-04-15,9,Bingo,Android App,54,96,37.33
S000674,P100133,Paid Search,2025-04-23,17,Bingo,iOS App,47,59,-85.97
S000675,P100134,Organic,2025-05-28,0,Bingo,iOS App,8,14,72.13
S000676,P100134,Organic,2025-05-31,3,Table Games,Desktop,63,86,328.95
S000677,P100135,Organic,2025-03-21,0,Slots,Android App,15,37,105.52
S000678,P100135,Organic,2025-04-04,14,Slots,iOS App,30,76,302.59
S000679,P100135,Organic,2025-04-07,17,Bingo,Mobile Web,53,56,24.81
S000680,P100135,Organic,2025-04-09,19,Slots,Mobile Web,6,3,1.98
S000681,P100136,Affiliate,2025-02-03,0,Table Games,Mobile Web,14,18,-31.29
S000682,P100136,Affiliate,2025-02-08,5,Table Games,Desktop,23,10,-10.39
S000683,P100137,Retail Crossover,2025-06-29,0,Sportsbook,Android App,26,11,3.97
S000684,P100137,Retail Crossover,2025-07-07,8,Live Dealer,Mobile Web,19,8,109.39
S000685,P100137,Retail Crossover,2025-07-10,11,Slots,Desktop,52,95,-97.74
S000686,P100137,Retail Crossover,2025-07-15,16,Live Dealer,iOS App,40,88,79.83
S000687,P100137,Retail Crossover,2025-07-16,17,Bingo,Mobile Web,21,45,-75.18
S000688,P100137,Retail Crossover,2025-07-21,22,Bingo,Desktop,14,34,-44.21
S000689,P100137,Retail Crossover,2025-07-22,23,Slots,Mobile Web,23,52,28.28
S000690,P100138,Affiliate,2025-05-22,0,Table Games,iOS App,10,17,-1.01
S000691,P100138,Affiliate,2025-05-27,5,Slots,Desktop,29,11,1.63
S000692,P100139,Paid Social,2025-03-01,0,Sportsbook,Android App,9,21,1.28
S000693,P100139,Paid Social,2025-03-02,1,Table Games,Mobile Web,21,60,-9.7
S000694,P100140,Affiliate,2025-05-13,0,Live Dealer,Android App,9,21,26.09
S000695,P100141,Retail Crossover,2025-01-08,0,Sportsbook,Mobile Web,19,9,23.49
S000696,P100142,Organic,2025-06-19,0,Sportsbook,Android App,21,58,-2.9
S000697,P100142,Organic,2025-06-22,3,Sportsbook,Android App,15,40,-37.63
S000698,P100142,Organic,2025-06-27,8,Bingo,Android App,8,8,0.96
S000699,P100142,Organic,2025-07-05,16,Bingo,iOS App,95,285,124.86
S000700,P100142,Organic,2025-07-06,17,Slots,Mobile Web,20,43,217.63
S000701,P100142,Organic,2025-07-07,18,Slots,iOS App,7,8,-44.95
S000702,P100142,Organic,2025-07-12,23,Sportsbook,iOS App,8,12,-4.6
S000703,P100142,Organic,2025-07-15,26,Live Dealer,iOS App,29,18,25.9
S000704,P100142,Organic,2025-07-23,34,Slots,iOS App,45,32,-208.37
S000705,P100143,Paid Search,2025-01-06,0,Slots,Mobile Web,17,22,-24.9
S000706,P100143,Paid Search,2025-01-14,8,Slots,Android App,16,31,3.76
S000707,P100144,Organic,2025-04-20,0,Sportsbook,Android App,11,5,21.43
S000708,P100144,Organic,2025-04-21,1,Slots,Android App,78,225,107.28
S000709,P100144,Organic,2025-04-26,6,Sportsbook,Mobile Web,16,16,7.14
S000710,P100144,Organic,2025-05-10,20,Live Dealer,Mobile Web,21,12,-25.58
S000711,P100145,Retail Crossover,2025-03-29,0,Table Games,Desktop,11,7,-25.34
S000712,P100145,Retail Crossover,2025-04-01,3,Sportsbook,iOS App,14,6,2.78
S000713,P100146,Organic,2025-06-26,0,Live Dealer,iOS App,105,112,257.04
S000714,P100147,Paid Social,2025-02-09,0,Slots,iOS App,56,154,90.36
S000715,P100147,Paid Social,2025-02-11,2,Table Games,iOS App,5,9,-2.49
S000716,P100147,Paid Social,2025-02-12,3,Table Games,Android App,13,16,0.59
S000717,P100147,Paid Social,2025-02-20,11,Slots,Desktop,12,6,4.9
S000718,P100147,Paid Social,2025-02-25,16,Slots,iOS App,43,65,89.53
S000719,P100148,Paid Search,2025-01-28,0,Bingo,Android App,8,8,-4.65
S000720,P100149,Affiliate,2025-04-24,0,Slots,Desktop,59,38,-112.51
S000721,P100149,Affiliate,2025-05-02,8,Table Games,Mobile Web,12,30,5.55
S000722,P100150,Affiliate,2025-05-09,0,Table Games,iOS App,32,46,93.05
S000723,P100151,Affiliate,2025-06-04,0,Table Games,Android App,28,61,-5.17
S000724,P100152,Affiliate,2025-01-08,0,Sportsbook,Mobile Web,4,5,10.57
S000725,P100152,Affiliate,2025-01-10,2,Sportsbook,Mobile Web,13,5,32.09
S000726,P100153,Paid Search,2025-03-16,0,Table Games,Desktop,16,37,-23.61
S000727,P100153,Paid Search,2025-03-30,14,Slots,Android App,8,10,38.28
S000728,P100153,Paid Search,2025-04-02,17,Sportsbook,Desktop,13,35,84.21
S000729,P100153,Paid Search,2025-04-04,19,Live Dealer,iOS App,5,12,20.85
S000730,P100154,Organic,2025-03-19,0,Sportsbook,Desktop,11,15,15.15
S000731,P100154,Organic,2025-03-20,1,Table Games,Desktop,5,3,15.73
S000732,P100154,Organic,2025-04-03,15,Sportsbook,iOS App,49,113,-13.95
S000733,P100154,Organic,2025-04-11,23,Table Games,iOS App,41,66,42.5
S000734,P100154,Organic,2025-04-14,26,Live Dealer,Mobile Web,7,21,-32.41
S000735,P100154,Organic,2025-04-22,34,Table Games,iOS App,22,50,-22.8
S000736,P100154,Organic,2025-04-23,35,Table Games,Android App,3,2,0.52
S000737,P100154,Organic,2025-04-24,36,Bingo,iOS App,16,7,-0.96
S000738,P100154,Organic,2025-04-25,37,Sportsbook,iOS App,5,2,0.79
S000739,P100154,Organic,2025-04-26,38,Bingo,iOS App,18,52,-69.64
S000740,P100155,Affiliate,2025-01-01,0,Live Dealer,Android App,49,114,-195.83
S000741,P100155,Affiliate,2025-01-02,1,Sportsbook,Desktop,27,33,10.53
S000742,P100156,Paid Social,2025-02-09,0,Bingo,Android App,3,4,-2.52
S000743,P100157,Organic,2025-03-29,0,Live Dealer,iOS App,15,30,-15.5
S000744,P100157,Organic,2025-04-03,5,Table Games,Desktop,4,11,5.61
S000745,P100158,Affiliate,2025-02-05,0,Live Dealer,Mobile Web,25,15,40.88
S000746,P100158,Affiliate,2025-02-10,5,Bingo,Mobile Web,8,5,3.23
S000747,P100158,Affiliate,2025-02-18,13,Bingo,iOS App,12,14,-104.12
S000748,P100159,Paid Social,2025-06-20,0,Table Games,Mobile Web,19,38,-201.13
S000749,P100159,Paid Social,2025-06-21,1,Sportsbook,iOS App,12,13,-5.35
S000750,P100159,Paid Social,2025-06-24,4,Live Dealer,Android App,4,10,18.4
S000751,P100159,Paid Social,2025-06-27,7,Sportsbook,iOS App,9,16,-19.75
S000752,P100159,Paid Social,2025-07-11,21,Slots,Desktop,17,9,30.42
S000753,P100160,Affiliate,2025-04-22,0,Live Dealer,Mobile Web,15,28,122.13
S000754,P100161,Paid Search,2025-04-24,0,Live Dealer,Desktop,53,40,24.28
S000755,P100161,Paid Search,2025-05-02,8,Bingo,iOS App,12,13,59.26
S000756,P100161,Paid Search,2025-05-05,11,Table Games,iOS App,11,27,-1.26
S000757,P100161,Paid Search,2025-05-06,12,Bingo,Desktop,23,9,-1.05
S000758,P100161,Paid Search,2025-05-07,13,Live Dealer,iOS App,16,7,30.41
S000759,P100161,Paid Search,2025-05-08,14,Bingo,Mobile Web,27,81,295.55
S000760,P100161,Paid Search,2025-05-16,22,Live Dealer,Android App,29,85,-91.0
S000761,P100161,Paid Search,2025-05-18,24,Sportsbook,Desktop,10,27,87.72
S000762,P100161,Paid Search,2025-05-20,26,Sportsbook,Android App,12,27,26.3
S000763,P100161,Paid Search,2025-05-23,29,Bingo,Mobile Web,24,34,0.01
S000764,P100161,Paid Search,2025-05-28,34,Table Games,iOS App,66,193,26.54
S000765,P100162,Organic,2025-04-12,0,Sportsbook,Android App,10,17,20.22
S000766,P100162,Organic,2025-04-13,1,Bingo,Android App,14,28,-10.51
S000767,P100163,Retail Crossover,2025-01-22,0,Table Games,Android App,16,27,55.41
S000768,P100163,Retail Crossover,2025-01-25,3,Bingo,iOS App,14,14,-1.3
S000769,P100163,Retail Crossover,2025-01-27,5,Table Games,iOS App,28,40,142.0
S000770,P100164,Paid Search,2025-04-20,0,Bingo,Mobile Web,17,14,-14.06
S000771,P100164,Paid Search,2025-04-21,1,Sportsbook,Android App,56,85,-66.29
S000772,P100164,Paid Search,2025-05-05,15,Sportsbook,Mobile Web,13,7,-0.35
S000773,P100164,Paid Search,2025-05-10,20,Table Games,Android App,18,44,-28.52
S000774,P100164,Paid Search,2025-05-11,21,Sportsbook,Desktop,40,50,111.42
S000775,P100164,Paid Search,2025-05-12,22,Table Games,iOS App,27,18,87.86
S000776,P100164,Paid Search,2025-05-15,25,Table Games,Mobile Web,15,34,-81.77
S000777,P100164,Paid Search,2025-05-23,33,Slots,iOS App,12,5,0.05
S000778,P100164,Paid Search,2025-05-24,34,Slots,Android App,13,23,-17.16
S000779,P100164,Paid Search,2025-06-01,42,Table Games,Mobile Web,11,34,-4.58
S000780,P100164,Paid Search,2025-06-06,47,Bingo,Mobile Web,43,110,327.47
S000781,P100165,Organic,2025-03-22,0,Sportsbook,Android App,31,80,-279.14
S000782,P100165,Organic,2025-03-30,8,Bingo,Android App,33,15,-8.21
S000783,P100165,Organic,2025-04-04,13,Sportsbook,Mobile Web,14,43,-152.32
S000784,P100166,Paid Social,2025-04-16,0,Bingo,Android App,18,7,23.84
S000785,P100167,Paid Search,2025-03-01,0,Sportsbook,Mobile Web,9,4,8.06
S000786,P100168,Affiliate,2025-06-28,0,Slots,Desktop,10,14,-23.99
S000787,P100168,Affiliate,2025-07-06,8,Sportsbook,Mobile Web,10,12,-6.7
S000788,P100168,Affiliate,2025-07-07,9,Sportsbook,iOS App,23,30,0.02
S000789,P100168,Affiliate,2025-07-10,12,Slots,Desktop,8,16,20.27
S000790,P100168,Affiliate,2025-07-11,13,Slots,Mobile Web,6,3,32.36
S000791,P100169,Paid Search,2025-05-27,0,Slots,Mobile Web,25,33,5.82
S000792,P100169,Paid Search,2025-06-10,14,Bingo,Mobile Web,19,57,396.11
S000793,P100169,Paid Search,2025-06-15,19,Bingo,Android App,39,114,45.11
S000794,P100169,Paid Search,2025-06-20,24,Bingo,Mobile Web,16,28,88.44
S000795,P100169,Paid Search,2025-06-21,25,Live Dealer,Android App,20,30,-201.64
S000796,P100169,Paid Search,2025-07-05,39,Sportsbook,Android App,10,26,-7.68
S000797,P100169,Paid Search,2025-07-08,42,Bingo,iOS App,35,54,53.83
S000798,P100170,Affiliate,2025-03-13,0,Table Games,iOS App,7,16,5.96
S000799,P100171,Paid Social,2025-06-10,0,Slots,iOS App,35,64,16.78
S000800,P100172,Organic,2025-02-22,0,Slots,iOS App,31,94,32.8
S000801,P100173,Paid Search,2025-04-28,0,Live Dealer,Android App,54,52,-7.36
S000802,P100173,Paid Search,2025-05-01,3,Table Games,Android App,8,17,-17.42
S000803,P100173,Paid Search,2025-05-02,4,Slots,iOS App,52,59,302.73
S000804,P100173,Paid Search,2025-05-03,5,Live Dealer,Android App,48,35,25.35
S000805,P100173,Paid Search,2025-05-04,6,Bingo,iOS App,17,41,13.29
S000806,P100173,Paid Search,2025-05-09,11,Live Dealer,iOS App,8,25,-46.7
S000807,P100173,Paid Search,2025-05-12,14,Table Games,Mobile Web,42,48,29.49
S000808,P100173,Paid Search,2025-05-13,15,Sportsbook,iOS App,4,12,13.07
S000809,P100173,Paid Search,2025-05-15,17,Table Games,Mobile Web,26,12,-13.19
S000810,P100173,Paid Search,2025-05-20,22,Table Games,Android App,11,16,-6.82
S000811,P100173,Paid Search,2025-05-21,23,Slots,iOS App,21,29,125.12
S000812,P100173,Paid Search,2025-05-22,24,Sportsbook,Android App,21,59,141.21
S000813,P100174,Organic,2025-04-04,0,Bingo,Desktop,26,76,15.75
S000814,P100174,Organic,2025-04-05,1,Sportsbook,Mobile Web,2,3,6.28
S000815,P100175,Retail Crossover,2025-04-12,0,Table Games,iOS App,71,225,584.31
S000816,P100175,Retail Crossover,2025-04-26,14,Table Games,Android App,17,29,-117.42
S000817,P100175,Retail Crossover,2025-04-27,15,Bingo,Android App,6,7,-1.53
S000818,P100176,Affiliate,2025-04-08,0,Live Dealer,Mobile Web,11,6,10.29
S000819,P100176,Affiliate,2025-04-09,1,Slots,Desktop,23,31,60.75
S000820,P100176,Affiliate,2025-04-14,6,Live Dealer,Mobile Web,36,63,80.3
S000821,P100176,Affiliate,2025-04-28,20,Live Dealer,iOS App,8,20,10.15
S000822,P100176,Affiliate,2025-05-12,34,Live Dealer,iOS App,11,34,-18.18
S000823,P100176,Affiliate,2025-05-15,37,Slots,Android App,44,115,282.09
S000824,P100176,Affiliate,2025-05-17,39,Slots,Mobile Web,10,15,-75.79
S000825,P100176,Affiliate,2025-05-18,40,Table Games,Android App,10,28,147.14
S000826,P100176,Affiliate,2025-05-23,45,Live Dealer,Mobile Web,10,17,-76.59
S000827,P100176,Affiliate,2025-05-26,48,Sportsbook,Desktop,18,22,-30.52
S000828,P100176,Affiliate,2025-05-31,53,Bingo,Desktop,8,6,17.46
S000829,P100177,Retail Crossover,2025-05-19,0,Table Games,Android App,11,32,0.23
S000830,P100177,Retail Crossover,2025-05-20,1,Bingo,Mobile Web,57,150,146.07
S000831,P100177,Retail Crossover,2025-05-21,2,Bingo,iOS App,34,42,6.84
S000832,P100177,Retail Crossover,2025-05-23,4,Sportsbook,Mobile Web,24,12,-68.66
S000833,P100177,Retail Crossover,2025-05-24,5,Sportsbook,Mobile Web,32,28,-218.13
S000834,P100177,Retail Crossover,2025-06-01,13,Table Games,iOS App,38,16,1.72
S000835,P100177,Retail Crossover,2025-06-06,18,Sportsbook,Android App,10,16,39.05
S000836,P100177,Retail Crossover,2025-06-11,23,Table Games,Mobile Web,32,40,33.95
S000837,P100177,Retail Crossover,2025-06-19,31,Sportsbook,iOS App,54,123,65.84
S000838,P100177,Retail Crossover,2025-06-20,32,Slots,iOS App,11,31,-75.57
S000839,P100177,Retail Crossover,2025-06-23,35,Sportsbook,Android App,8,6,37.29
S000840,P100177,Retail Crossover,2025-07-07,49,Bingo,Android App,8,17,17.7
S000841,P100177,Retail Crossover,2025-07-08,50,Live Dealer,iOS App,7,14,23.81
S000842,P100177,Retail Crossover,2025-07-11,53,Table Games,iOS App,18,36,-160.63
S000843,P100177,Retail Crossover,2025-07-14,56,Live Dealer,iOS App,15,27,28.01
S000844,P100177,Retail Crossover,2025-07-15,57,Slots,iOS App,38,31,24.12
S000845,P100177,Retail Crossover,2025-07-29,71,Live Dealer,Desktop,16,42,-105.07
S000846,P100177,Retail Crossover,2025-07-31,73,Sportsbook,Desktop,21,52,96.3
S000847,P100177,Retail Crossover,2025-08-08,81,Sportsbook,Android App,9,16,-6.52
S000848,P100177,Retail Crossover,2025-08-16,89,Table Games,Mobile Web,34,92,-18.97
S000849,P100177,Retail Crossover,2025-08-30,103,Live Dealer,Mobile Web,11,26,-49.07
S000850,P100177,Retail Crossover,2025-09-04,108,Table Games,Mobile Web,11,6,-47.5
S000851,P100177,Retail Crossover,2025-09-09,113,Sportsbook,Desktop,26,64,-108.21
S000852,P100177,Retail Crossover,2025-09-10,114,Sportsbook,Android App,16,23,2.14
S000853,P100178,Paid Search,2025-01-27,0,Table Games,Desktop,8,13,-16.2
S000854,P100178,Paid Search,2025-01-30,3,Table Games,Desktop,8,15,44.4
S000855,P100179,Paid Social,2025-04-09,0,Live Dealer,Desktop,41,82,13.8
S000856,P100180,Organic,2025-05-05,0,Slots,iOS App,20,27,-3.14
S000857,P100180,Organic,2025-05-10,5,Bingo,iOS App,8,16,136.09
S000858,P100180,Organic,2025-05-15,10,Slots,Mobile Web,12,19,93.35
S000859,P100180,Organic,2025-05-16,11,Table Games,Android App,16,9,7.17
S000860,P100181,Organic,2025-05-12,0,Bingo,iOS App,7,16,5.72
S000861,P100182,Paid Search,2025-03-21,0,Sportsbook,iOS App,11,16,59.09
S000862,P100182,Paid Search,2025-04-04,14,Bingo,Android App,16,9,21.12
S000863,P100182,Paid Search,2025-04-12,22,Table Games,Android App,17,46,-22.34
S000864,P100182,Paid Search,2025-04-15,25,Slots,Mobile Web,26,37,-13.66
S000865,P100182,Paid Search,2025-04-20,30,Slots,iOS App,5,7,4.37
S000866,P100182,Paid Search,2025-04-28,38,Bingo,Desktop,10,17,11.34
S000867,P100182,Paid Search,2025-05-03,43,Table Games,Mobile Web,59,181,-7.08
S000868,P100182,Paid Search,2025-05-04,44,Bingo,Mobile Web,23,20,-4.08
S000869,P100183,Paid Social,2025-05-16,0,Table Games,Desktop,56,98,17.99
S000870,P100183,Paid Social,2025-05-30,14,Table Games,Desktop,55,22,8.35
S000871,P100184,Retail Crossover,2025-05-19,0,Bingo,Mobile Web,14,14,-35.6
S000872,P100185,Retail Crossover,2025-02-21,0,Live Dealer,Android App,155,441,291.74
S000873,P100186,Organic,2025-02-07,0,Sportsbook,iOS App,6,4,-4.79
S000874,P100186,Organic,2025-02-21,14,Table Games,Mobile Web,46,23,26.13
S000875,P100186,Organic,2025-02-22,15,Table Games,iOS App,22,50,-131.36
S000876,P100186,Organic,2025-02-25,18,Table Games,iOS App,6,16,-13.93
S000877,P100186,Organic,2025-03-11,32,Table Games,Mobile Web,11,6,29.44
S000878,P100186,Organic,2025-03-25,46,Table Games,Android App,49,93,-362.35
S000879,P100186,Organic,2025-04-08,60,Live Dealer,Desktop,15,40,7.36
S000880,P100186,Organic,2025-04-13,65,Sportsbook,iOS App,23,22,10.94
S000881,P100186,Organic,2025-04-27,79,Live Dealer,Mobile Web,25,21,37.44
S000882,P100186,Organic,2025-05-11,93,Table Games,Desktop,14,27,91.0
S000883,P100186,Organic,2025-05-12,94,Table Games,Android App,10,13,16.94
S000884,P100186,Organic,2025-05-26,108,Bingo,Desktop,5,9,15.49
S000885,P100186,Organic,2025-05-31,113,Sportsbook,Mobile Web,15,19,22.31
S000886,P100186,Organic,2025-06-14,127,Bingo,Desktop,35,101,-402.06
S000887,P100186,Organic,2025-06-22,135,Sportsbook,Mobile Web,92,248,109.93
S000888,P100186,Organic,2025-06-27,140,Bingo,iOS App,30,45,539.09
S000889,P100186,Organic,2025-06-29,142,Live Dealer,Android App,10,24,-76.72
S000890,P100186,Organic,2025-06-30,143,Live Dealer,iOS App,29,21,-48.35
S000891,P100186,Organic,2025-07-14,157,Sportsbook,Android App,7,10,17.39
S000892,P100186,Organic,2025-07-16,159,Live Dealer,iOS App,21,50,-66.3
S000893,P100186,Organic,2025-07-17,160,Table Games,Android App,23,48,-129.75
S000894,P100186,Organic,2025-07-20,163,Table Games,Desktop,11,32,9.17
S000895,P100186,Organic,2025-07-21,164,Slots,Desktop,13,9,-23.57
S000896,P100186,Organic,2025-07-26,169,Table Games,Desktop,31,93,-93.04
S000897,P100186,Organic,2025-08-03,177,Table Games,Desktop,23,15,-3.2
S000898,P100186,Organic,2025-08-04,178,Slots,Android App,26,44,272.74
S000899,P100186,Organic,2025-08-12,186,Slots,Desktop,11,27,45.9
S000900,P100186,Organic,2025-08-13,187,Sportsbook,Desktop,62,40,-239.35
S000901,P100186,Organic,2025-08-15,189,Sportsbook,iOS App,30,67,-3.67
S000902,P100186,Organic,2025-08-18,192,Table Games,iOS App,13,12,9.32
S000903,P100186,Organic,2025-08-23,197,Sportsbook,Desktop,45,71,7.63
S000904,P100186,Organic,2025-09-06,211,Live Dealer,iOS App,99,230,696.21
S000905,P100187,Paid Search,2025-06-12,0,Slots,Android App,16,36,-309.73
S000906,P100187,Paid Search,2025-06-17,5,Slots,Android App,50,59,31.68
S000907,P100187,Paid Search,2025-06-22,10,Live Dealer,Android App,13,37,-3.4
S000908,P100187,Paid Search,2025-06-23,11,Table Games,Desktop,52,124,-34.62
S000909,P100187,Paid Search,2025-06-24,12,Live Dealer,Mobile Web,23,73,496.46
S000910,P100187,Paid Search,2025-06-27,15,Bingo,Mobile Web,17,18,20.36
S000911,P100187,Paid Search,2025-06-29,17,Slots,Mobile Web,43,123,-21.16
S000912,P100187,Paid Search,2025-07-02,20,Sportsbook,Android App,18,25,80.32
S000913,P100187,Paid Search,2025-07-07,25,Live Dealer,iOS App,14,7,16.83
S000914,P100187,Paid Search,2025-07-21,39,Slots,iOS App,11,9,39.92
S000915,P100187,Paid Search,2025-07-26,44,Sportsbook,iOS App,30,64,6.93
S000916,P100187,Paid Search,2025-08-03,52,Sportsbook,Android App,75,159,244.41
S000917,P100187,Paid Search,2025-08-11,60,Live Dealer,Desktop,7,12,-31.71
S000918,P100187,Paid Search,2025-08-13,62,Live Dealer,Mobile Web,11,4,7.18
S000919,P100187,Paid Search,2025-08-27,76,Slots,iOS App,10,4,4.85
S000920,P100188,Affiliate,2025-01-08,0,Sportsbook,Mobile Web,15,45,-15.55
S000921,P100188,Affiliate,2025-01-10,2,Bingo,Android App,10,18,-65.54
S000922,P100189,Paid Search,2025-04-11,0,Table Games,Desktop,42,92,153.15
S000923,P100190,Paid Social,2025-02-27,0,Live Dealer,Desktop,31,12,77.73
S000924,P100191,Organic,2025-05-25,0,Sportsbook,iOS App,25,71,-269.98
S000925,P100191,Organic,2025-06-08,14,Table Games,Android App,25,43,100.12
S000926,P100191,Organic,2025-06-22,28,Table Games,Android App,5,4,0.15
S000927,P100191,Organic,2025-07-06,42,Sportsbook,iOS App,11,28,37.24
S000928,P100191,Organic,2025-07-11,47,Sportsbook,iOS App,11,11,-33.45
S000929,P100191,Organic,2025-07-25,61,Table Games,Mobile Web,18,52,166.1
S000930,P100192,Paid Social,2025-05-11,0,Bingo,Mobile Web,33,24,-39.52
S000931,P100192,Paid Social,2025-05-12,1,Table Games,iOS App,7,5,-2.93
S000932,P100192,Paid Social,2025-05-15,4,Live Dealer,iOS App,32,48,-249.76
S000933,P100192,Paid Social,2025-05-18,7,Table Games,Android App,24,48,-70.89
S000934,P100192,Paid Social,2025-06-01,21,Sportsbook,Android App,13,25,-15.43
S000935,P100192,Paid Social,2025-06-02,22,Slots,Mobile Web,41,61,72.49
S000936,P100192,Paid Social,2025-06-10,30,Bingo,Desktop,18,55,31.95
S000937,P100192,Paid Social,2025-06-18,38,Slots,iOS App,37,102,20.12
S000938,P100192,Paid Social,2025-06-23,43,Bingo,Desktop,63,150,154.42
S000939,P100193,Affiliate,2025-02-27,0,Slots,iOS App,56,162,-262.44
S000940,P100193,Affiliate,2025-03-02,3,Slots,Desktop,13,9,-4.57
S000941,P100193,Affiliate,2025-03-07,8,Bingo,Android App,14,40,12.81
S000942,P100193,Affiliate,2025-03-10,11,Live Dealer,Desktop,8,16,8.97
S000943,P100194,Organic,2025-06-13,0,Live Dealer,iOS App,33,17,2.53
S000944,P100194,Organic,2025-06-21,8,Live Dealer,iOS App,44,73,154.19
S000945,P100194,Organic,2025-06-23,10,Sportsbook,Desktop,39,50,53.79
S000946,P100194,Organic,2025-06-24,11,Slots,Desktop,14,35,-86.94
S000947,P100194,Organic,2025-07-08,25,Slots,Desktop,7,4,-1.24
S000948,P100194,Organic,2025-07-22,39,Sportsbook,Mobile Web,18,31,164.96
S000949,P100195,Retail Crossover,2025-06-13,0,Slots,Mobile Web,6,9,-7.97
S000950,P100195,Retail Crossover,2025-06-18,5,Slots,iOS App,7,10,-11.51
S000951,P100196,Paid Social,2025-06-28,0,Slots,Mobile Web,50,97,-731.85
S000952,P100197,Organic,2025-01-28,0,Sportsbook,iOS App,10,29,2.36
S000953,P100198,Organic,2025-01-18,0,Live Dealer,Mobile Web,18,56,29.82
S000954,P100199,Paid Social,2025-05-08,0,Slots,iOS App,46,95,-85.11
S000955,P100199,Paid Social,2025-05-10,2,Table Games,Desktop,27,39,11.95
S000956,P100199,Paid Social,2025-05-11,3,Live Dealer,Desktop,22,17,-17.41
S000957,P100200,Paid Social,2025-04-08,0,Bingo,Mobile Web,31,74,116.9
S000958,P100200,Paid Social,2025-04-22,14,Bingo,Android App,9,14,18.99
S000959,P100200,Paid Social,2025-04-23,15,Sportsbook,Mobile Web,43,97,160.28
S000960,P100200,Paid Social,2025-04-25,17,Table Games,iOS App,33,58,327.8
S000961,P100200,Paid Social,2025-04-26,18,Live Dealer,Desktop,8,14,-15.75
S000962,P100201,Organic,2025-04-14,0,Bingo,Desktop,69,32,145.74
S000963,P100201,Organic,2025-04-15,1,Bingo,Desktop,23,21,-230.73
S000964,P100201,Organic,2025-04-29,15,Table Games,iOS App,9,10,12.75
S000965,P100201,Organic,2025-04-30,16,Table Games,Android App,24,26,26.43
S000966,P100201,Organic,2025-05-01,17,Slots,iOS App,50,64,-78.59
S000967,P100202,Paid Social,2025-04-29,0,Sportsbook,iOS App,17,46,263.47
S000968,P100202,Paid Social,2025-05-07,8,Sportsbook,Android App,21,57,105.04
S000969,P100202,Paid Social,2025-05-12,13,Live Dealer,iOS App,7,4,2.92
S000970,P100203,Paid Search,2025-01-24,0,Sportsbook,iOS App,110,146,-221.08
S000971,P100203,Paid Search,2025-02-01,8,Live Dealer,iOS App,16,40,72.75
S000972,P100203,Paid Search,2025-02-15,22,Sportsbook,iOS App,10,13,11.06
S000973,P100204,Paid Search,2025-04-22,0,Table Games,Desktop,13,33,-35.64
S000974,P100204,Paid Search,2025-05-06,14,Table Games,Mobile Web,24,52,0.84
S000975,P100205,Paid Social,2025-01-02,0,Slots,Android App,3,2,4.44
S000976,P100205,Paid Social,2025-01-03,1,Sportsbook,Android App,18,42,481.19
S000977,P100205,Paid Social,2025-01-04,2,Table Games,iOS App,4,2,3.83
S000978,P100206,Paid Search,2025-05-05,0,Live Dealer,Desktop,13,9,11.66
S000979,P100207,Affiliate,2025-01-07,0,Live Dealer,Mobile Web,6,14,0.69
S000980,P100207,Affiliate,2025-01-12,5,Bingo,Mobile Web,40,120,-46.77
S000981,P100207,Affiliate,2025-01-20,13,Live Dealer,iOS App,3,8,85.23
S000982,P100207,Affiliate,2025-02-03,27,Live Dealer,iOS App,19,58,52.78
S000983,P100207,Affiliate,2025-02-08,32,Bingo,Desktop,19,44,117.05
S000984,P100207,Affiliate,2025-02-22,46,Sportsbook,Mobile Web,33,61,-67.58
S000985,P100208,Paid Search,2025-06-18,0,Slots,Mobile Web,15,6,-1.7
S000986,P100208,Paid Search,2025-06-26,8,Bingo,Desktop,10,19,-103.35
S000987,P100208,Paid Search,2025-06-27,9,Live Dealer,Desktop,32,92,-10.64
S000988,P100208,Paid Search,2025-07-05,17,Sportsbook,Desktop,34,69,79.03
S000989,P100208,Paid Search,2025-07-08,20,Table Games,Desktop,35,21,0.26
S000990,P100208,Paid Search,2025-07-09,21,Sportsbook,Android App,3,6,-4.35
S000991,P100208,Paid Search,2025-07-17,29,Slots,Mobile Web,9,19,-18.64
S000992,P100209,Paid Search,2025-03-09,0,Slots,iOS App,30,78,55.47
S000993,P100209,Paid Search,2025-03-10,1,Sportsbook,Desktop,2,4,-16.85
S000994,P100209,Paid Search,2025-03-18,9,Slots,Mobile Web,6,4,-2.29
S000995,P100210,Affiliate,2025-04-16,0,Sportsbook,Desktop,13,7,-6.63
S000996,P100211,Organic,2025-01-26,0,Sportsbook,Android App,10,21,10.55
S000997,P100211,Organic,2025-01-28,2,Table Games,Android App,10,16,54.59
S000998,P100212,Organic,2025-01-29,0,Bingo,iOS App,29,24,-31.17
S000999,P100212,Organic,2025-02-01,3,Table Games,Android App,29,32,-75.34
S001000,P100213,Paid Social,2025-02-06,0,Bingo,iOS App,12,20,-25.68
S001001,P100213,Paid Social,2025-02-09,3,Sportsbook,iOS App,21,13,-7.46
S001002,P100213,Paid Social,2025-02-17,11,Slots,Desktop,18,24,78.55
S001003,P100213,Paid Social,2025-02-25,19,Slots,Desktop,12,26,10.69
S001004,P100213,Paid Social,2025-02-26,20,Bingo,Mobile Web,15,31,115.17
S001005,P100213,Paid Social,2025-02-28,22,Table Games,Desktop,7,16,68.89
S001006,P100214,Paid Search,2025-03-26,0,Live Dealer,iOS App,39,103,459.76
S001007,P100215,Paid Social,2025-06-03,0,Sportsbook,Android App,11,25,85.8
S001008,P100216,Paid Search,2025-02-11,0,Slots,iOS App,18,51,18.76
S001009,P100216,Paid Search,2025-02-13,2,Table Games,Android App,23,50,31.87
S001010,P100216,Paid Search,2025-02-21,10,Bingo,Desktop,15,26,129.03
S001011,P100216,Paid Search,2025-03-07,24,Table Games,iOS App,4,7,-6.69
S001012,P100217,Paid Social,2025-06-01,0,Table Games,Mobile Web,14,38,212.4
S001013,P100217,Paid Social,2025-06-09,8,Slots,Android App,13,22,21.78
S001014,P100218,Organic,2025-02-21,0,Table Games,iOS App,16,32,195.43
S001015,P100218,Organic,2025-02-22,1,Live Dealer,Desktop,4,2,1.24
S001016,P100219,Organic,2025-03-26,0,Sportsbook,Mobile Web,14,29,1.94
S001017,P100219,Organic,2025-03-27,1,Sportsbook,Android App,21,54,-27.91
S001018,P100219,Organic,2025-03-29,3,Bingo,iOS App,24,28,-84.16
S001019,P100219,Organic,2025-04-12,17,Table Games,iOS App,11,24,-14.75
S001020,P100219,Organic,2025-04-17,22,Sportsbook,Desktop,19,41,34.86
S001021,P100219,Organic,2025-04-22,27,Live Dealer,Mobile Web,10,17,2.34
S001022,P100219,Organic,2025-04-27,32,Live Dealer,iOS App,15,18,10.82
S001023,P100219,Organic,2025-05-02,37,Table Games,Android App,10,7,-6.86
S001024,P100219,Organic,2025-05-03,38,Table Games,Mobile Web,18,34,170.62
S001025,P100219,Organic,2025-05-04,39,Live Dealer,Mobile Web,10,17,-1.3
S001026,P100220,Retail Crossover,2025-01-10,0,Bingo,Mobile Web,9,13,-10.72
S001027,P100221,Paid Social,2025-06-01,0,Live Dealer,Android App,11,31,-61.99
S001028,P100221,Paid Social,2025-06-02,1,Table Games,Desktop,5,9,14.75
S001029,P100222,Affiliate,2025-05-13,0,Live Dealer,Android App,20,31,12.6
S001030,P100222,Affiliate,2025-05-14,1,Live Dealer,Mobile Web,37,94,-82.17
S001031,P100222,Affiliate,2025-05-19,6,Sportsbook,iOS App,24,73,148.09
S001032,P100222,Affiliate,2025-05-27,14,Table Games,Mobile Web,19,49,-62.45
S001033,P100222,Affiliate,2025-05-30,17,Sportsbook,Android App,20,13,-35.11
S001034,P100222,Affiliate,2025-06-13,31,Table Games,iOS App,12,36,3.67
S001035,P100222,Affiliate,2025-06-16,34,Live Dealer,iOS App,54,144,-6.05
S001036,P100222,Affiliate,2025-06-17,35,Bingo,Android App,44,114,6.85
S001037,P100223,Organic,2025-01-12,0,Table Games,iOS App,1,1,1.57
S001038,P100223,Organic,2025-01-15,3,Table Games,Desktop,40,126,-216.78
S001039,P100223,Organic,2025-01-17,5,Sportsbook,Mobile Web,8,14,-13.25
S001040,P100223,Organic,2025-01-18,6,Live Dealer,iOS App,9,10,2.11
S001041,P100223,Organic,2025-01-19,7,Live Dealer,Desktop,15,19,-19.17
S001042,P100223,Organic,2025-01-20,8,Sportsbook,Android App,20,46,-78.91
S001043,P100223,Organic,2025-01-23,11,Sportsbook,iOS App,8,23,7.0
S001044,P100223,Organic,2025-01-28,16,Bingo,Desktop,11,5,12.09
S001045,P100224,Affiliate,2025-01-17,0,Sportsbook,Desktop,17,36,-15.38
S001046,P100224,Affiliate,2025-01-31,14,Bingo,Android App,34,43,-44.29
S001047,P100224,Affiliate,2025-02-02,16,Bingo,iOS App,9,6,3.81
S001048,P100224,Affiliate,2025-02-03,17,Table Games,iOS App,20,36,32.56
S001049,P100224,Affiliate,2025-02-08,22,Bingo,Android App,7,11,10.04
S001050,P100224,Affiliate,2025-02-09,23,Bingo,Mobile Web,16,39,-41.01
S001051,P100225,Organic,2025-03-31,0,Bingo,Desktop,25,65,-202.01
S001052,P100225,Organic,2025-04-08,8,Table Games,Mobile Web,19,20,23.18
S001053,P100226,Paid Social,2025-05-08,0,Live Dealer,Desktop,25,14,-10.84
S001054,P100226,Paid Social,2025-05-16,8,Live Dealer,Desktop,7,12,-5.52
S001055,P100226,Paid Social,2025-05-18,10,Live Dealer,Android App,16,40,83.77
S001056,P100226,Paid Social,2025-05-26,18,Bingo,Mobile Web,51,78,-87.74
S001057,P100227,Organic,2025-04-23,0,Bingo,Desktop,14,27,65.58
S001058,P100227,Organic,2025-04-25,2,Table Games,iOS App,14,39,-9.74
S001059,P100227,Organic,2025-04-26,3,Bingo,Mobile Web,11,19,37.84
S001060,P100227,Organic,2025-04-28,5,Table Games,Android App,40,119,2.12
S001061,P100227,Organic,2025-04-29,6,Table Games,iOS App,33,25,14.54
S001062,P100228,Paid Search,2025-06-28,0,Live Dealer,iOS App,52,49,334.07
S001063,P100229,Retail Crossover,2025-05-08,0,Live Dealer,Desktop,19,31,4.97
S001064,P100229,Retail Crossover,2025-05-10,2,Table Games,Android App,68,197,115.98
S001065,P100230,Organic,2025-01-06,0,Bingo,Android App,35,107,58.97
S001066,P100230,Organic,2025-01-14,8,Bingo,Mobile Web,37,57,241.15
S001067,P100230,Organic,2025-01-15,9,Slots,iOS App,22,44,-41.4
S001068,P100230,Organic,2025-01-16,10,Table Games,iOS App,17,17,-19.66
S001069,P100231,Retail Crossover,2025-05-16,0,Sportsbook,Mobile Web,18,34,-3.38
S001070,P100232,Retail Crossover,2025-05-30,0,Table Games,Desktop,41,44,-24.77
S001071,P100232,Retail Crossover,2025-06-13,14,Table Games,Desktop,11,8,4.09
S001072,P100232,Retail Crossover,2025-06-14,15,Bingo,Android App,34,31,8.06
S001073,P100233,Retail Crossover,2025-06-22,0,Bingo,Mobile Web,4,5,5.19
S001074,P100233,Retail Crossover,2025-06-27,5,Sportsbook,Mobile Web,21,16,-62.15
S001075,P100233,Retail Crossover,2025-07-05,13,Bingo,Desktop,43,25,2.37
S001076,P100234,Paid Search,2025-03-02,0,Sportsbook,iOS App,32,100,336.84
S001077,P100234,Paid Search,2025-03-05,3,Sportsbook,Android App,8,8,3.31
S001078,P100234,Paid Search,2025-03-13,11,Live Dealer,iOS App,7,19,-13.97
S001079,P100234,Paid Search,2025-03-14,12,Table Games,Android App,29,14,4.36
S001080,P100234,Paid Search,2025-03-19,17,Sportsbook,iOS App,43,89,27.26
S001081,P100235,Retail Crossover,2025-03-17,0,Live Dealer,Mobile Web,16,8,18.63
S001082,P100235,Retail Crossover,2025-03-18,1,Bingo,Desktop,25,65,319.25
S001083,P100236,Retail Crossover,2025-05-21,0,Bingo,iOS App,37,32,42.49
S001084,P100237,Retail Crossover,2025-05-12,0,Live Dealer,Mobile Web,28,75,-303.81
S001085,P100238,Organic,2025-02-04,0,Table Games,Mobile Web,20,62,25.12
S001086,P100238,Organic,2025-02-05,1,Bingo,Android App,5,4,-0.45
S001087,P100238,Organic,2025-02-06,2,Sportsbook,Android App,8,24,60.63
S001088,P100239,Paid Social,2025-01-09,0,Slots,Mobile Web,16,10,21.1
S001089,P100239,Paid Social,2025-01-17,8,Table Games,iOS App,2,2,-2.63
S001090,P100239,Paid Social,2025-01-18,9,Table Games,Desktop,29,65,-196.72
S001091,P100240,Affiliate,2025-02-23,0,Table Games,Desktop,23,44,5.72
S001092,P100240,Affiliate,2025-02-25,2,Table Games,iOS App,41,125,-218.41
S001093,P100240,Affiliate,2025-02-28,5,Slots,Mobile Web,55,24,55.43
S001094,P100240,Affiliate,2025-03-02,7,Bingo,iOS App,3,2,3.69
S001095,P100240,Affiliate,2025-03-10,15,Live Dealer,Android App,10,5,0.15
S001096,P100240,Affiliate,2025-03-13,18,Sportsbook,Desktop,40,65,-17.76
S001097,P100240,Affiliate,2025-03-21,26,Slots,Android App,39,57,-195.72
S001098,P100240,Affiliate,2025-03-22,27,Live Dealer,Desktop,3,8,6.34
S001099,P100240,Affiliate,2025-03-23,28,Slots,Mobile Web,75,223,-119.18
S001100,P100240,Affiliate,2025-03-24,29,Live Dealer,Desktop,45,72,6.72
S001101,P100240,Affiliate,2025-03-25,30,Table Games,Desktop,6,18,-27.14
S001102,P100240,Affiliate,2025-03-30,35,Slots,iOS App,9,5,-2.36
S001103,P100240,Affiliate,2025-04-01,37,Live Dealer,Mobile Web,5,11,13.25
S001104,P100240,Affiliate,2025-04-03,39,Sportsbook,Android App,11,30,33.56
S001105,P100240,Affiliate,2025-04-08,44,Table Games,Mobile Web,44,40,-27.48
S001106,P100240,Affiliate,2025-04-22,58,Table Games,iOS App,32,93,169.56
S001107,P100240,Affiliate,2025-04-24,60,Table Games,Desktop,25,33,266.31
S001108,P100240,Affiliate,2025-04-25,61,Bingo,Mobile Web,22,44,-69.23
S001109,P100240,Affiliate,2025-04-27,63,Sportsbook,Android App,14,21,77.18
S001110,P100240,Affiliate,2025-04-29,65,Bingo,Mobile Web,20,13,-33.78
S001111,P100240,Affiliate,2025-04-30,66,Bingo,Android App,42,89,-19.09
S001112,P100240,Affiliate,2025-05-01,67,Live Dealer,iOS App,10,14,-61.48
S001113,P100240,Affiliate,2025-05-03,69,Slots,iOS App,6,3,13.45
S001114,P100240,Affiliate,2025-05-04,70,Sportsbook,Desktop,114,342,-216.25
S001115,P100240,Affiliate,2025-05-18,84,Slots,iOS App,29,81,-32.68
S001116,P100240,Affiliate,2025-05-26,92,Bingo,Desktop,37,40,317.78
S001117,P100240,Affiliate,2025-05-27,93,Bingo,Desktop,24,64,1.43
S001118,P100240,Affiliate,2025-06-10,107,Table Games,iOS App,10,5,13.15
S001119,P100240,Affiliate,2025-06-12,109,Bingo,Desktop,27,73,141.11
S001120,P100240,Affiliate,2025-06-26,123,Table Games,Desktop,29,89,-24.44
S001121,P100240,Affiliate,2025-06-29,126,Sportsbook,Mobile Web,214,514,3735.54
S001122,P100240,Affiliate,2025-07-07,134,Slots,Desktop,4,5,-11.95
S001123,P100240,Affiliate,2025-07-12,139,Sportsbook,Mobile Web,58,168,-163.89
S001124,P100240,Affiliate,2025-07-15,142,Live Dealer,Mobile Web,30,22,-134.64
S001125,P100241,Paid Search,2025-05-13,0,Slots,Desktop,8,5,-7.42
S001126,P100241,Paid Search,2025-05-14,1,Live Dealer,Desktop,20,57,-0.11
S001127,P100241,Paid Search,2025-05-19,6,Bingo,Mobile Web,13,18,44.26
S001128,P100241,Paid Search,2025-05-24,11,Bingo,iOS App,91,76,559.11
S001129,P100241,Paid Search,2025-06-01,19,Table Games,Mobile Web,30,81,-118.16
S001130,P100242,Paid Search,2025-04-04,0,Bingo,Desktop,8,21,69.06
S001131,P100243,Organic,2025-06-25,0,Table Games,iOS App,7,21,-6.69
S001132,P100244,Paid Search,2025-04-25,0,Table Games,Mobile Web,21,64,58.65
S001133,P100244,Paid Search,2025-05-03,8,Bingo,Mobile Web,30,68,-149.56
S001134,P100245,Organic,2025-01-30,0,Sportsbook,Mobile Web,10,25,35.98
S001135,P100245,Organic,2025-02-07,8,Sportsbook,Mobile Web,5,13,63.31
S001136,P100245,Organic,2025-02-09,10,Live Dealer,iOS App,18,45,70.82
S001137,P100245,Organic,2025-02-23,24,Live Dealer,Desktop,150,235,-272.28
S001138,P100245,Organic,2025-03-09,38,Table Games,iOS App,119,272,-333.23
S001139,P100245,Organic,2025-03-14,43,Slots,Mobile Web,32,42,-7.66
S001140,P100245,Organic,2025-03-22,51,Live Dealer,Desktop,21,50,100.47
S001141,P100245,Organic,2025-03-25,54,Slots,Mobile Web,19,56,222.09
S001142,P100245,Organic,2025-04-02,62,Sportsbook,Android App,14,26,-62.87
S001143,P100245,Organic,2025-04-10,70,Slots,Android App,17,34,45.74
S001144,P100245,Organic,2025-04-12,72,Bingo,Mobile Web,7,6,-5.86
S001145,P100245,Organic,2025-04-15,75,Slots,iOS App,18,37,81.77
S001146,P100245,Organic,2025-04-23,83,Sportsbook,iOS App,19,23,75.8
S001147,P100245,Organic,2025-04-26,86,Slots,Android App,39,94,135.1
S001148,P100245,Organic,2025-05-04,94,Table Games,Desktop,17,17,-2.71
S001149,P100245,Organic,2025-05-05,95,Live Dealer,Desktop,41,43,99.55
S001150,P100245,Organic,2025-05-19,109,Live Dealer,Android App,29,20,-27.42
S001151,P100245,Organic,2025-05-24,114,Slots,Mobile Web,35,100,-194.53
S001152,P100246,Retail Crossover,2025-01-04,0,Live Dealer,Desktop,7,15,-10.89
S001153,P100247,Organic,2025-01-26,0,Bingo,Desktop,38,45,7.26
S001154,P100247,Organic,2025-01-29,3,Table Games,Mobile Web,16,9,-8.51
S001155,P100247,Organic,2025-01-30,4,Live Dealer,Mobile Web,13,13,-14.58
S001156,P100248,Paid Search,2025-02-24,0,Table Games,Mobile Web,47,36,113.39
S001157,P100249,Paid Social,2025-06-23,0,Slots,Mobile Web,19,25,-139.76
S001158,P100250,Paid Social,2025-06-27,0,Sportsbook,Mobile Web,49,76,110.7
S001159,P100250,Paid Social,2025-06-28,1,Slots,Android App,25,42,16.03
S001160,P100250,Paid Social,2025-06-29,2,Slots,Desktop,10,10,3.07
S001161,P100250,Paid Social,2025-07-02,5,Sportsbook,Android App,25,63,48.76
S001162,P100250,Paid Social,2025-07-16,19,Table Games,iOS App,16,47,-44.99
S001163,P100250,Paid Social,2025-07-24,27,Table Games,Desktop,21,51,137.88
S001164,P100250,Paid Social,2025-07-25,28,Bingo,Mobile Web,24,51,214.89
S001165,P100250,Paid Social,2025-08-02,36,Table Games,Desktop,16,7,-14.34
S001166,P100250,Paid Social,2025-08-05,39,Live Dealer,Desktop,10,26,29.92
S001167,P100250,Paid Social,2025-08-19,53,Live Dealer,Mobile Web,21,11,29.15
S001168,P100251,Affiliate,2025-05-01,0,Bingo,Desktop,41,92,925.56
S001169,P100251,Affiliate,2025-05-15,14,Live Dealer,Desktop,7,11,31.46
S001170,P100251,Affiliate,2025-05-20,19,Slots,Mobile Web,30,73,-4.7
S001171,P100252,Paid Social,2025-04-28,0,Table Games,iOS App,14,7,-8.13
S001172,P100253,Retail Crossover,2025-05-02,0,Slots,iOS App,26,59,152.53
S001173,P100253,Retail Crossover,2025-05-05,3,Table Games,Desktop,28,53,-29.82
S001174,P100253,Retail Crossover,2025-05-07,5,Live Dealer,Mobile Web,20,42,-48.88
S001175,P100253,Retail Crossover,2025-05-08,6,Bingo,Mobile Web,59,91,-58.17
S001176,P100253,Retail Crossover,2025-05-09,7,Live Dealer,Mobile Web,25,41,-307.1
S001177,P100253,Retail Crossover,2025-05-17,15,Table Games,Desktop,2,5,7.29
S001178,P100254,Affiliate,2025-03-31,0,Bingo,iOS App,47,37,65.02
S001179,P100254,Affiliate,2025-04-08,8,Sportsbook,iOS App,17,50,-3.19
S001180,P100254,Affiliate,2025-04-22,22,Table Games,Desktop,41,100,10.77
S001181,P100254,Affiliate,2025-05-06,36,Sportsbook,Desktop,18,49,-173.55
S001182,P100254,Affiliate,2025-05-20,50,Slots,Mobile Web,55,93,-817.77
S001183,P100255,Organic,2025-02-13,0,Bingo,iOS App,11,22,53.33
S001184,P100255,Organic,2025-02-14,1,Sportsbook,iOS App,50,66,146.06
S001185,P100255,Organic,2025-02-19,6,Live Dealer,Android App,19,40,-64.71
S001186,P100255,Organic,2025-02-27,14,Live Dealer,Mobile Web,18,35,-80.65
S001187,P100256,Paid Social,2025-06-21,0,Bingo,Android App,3,1,-3.14
S001188,P100256,Paid Social,2025-06-24,3,Live Dealer,Mobile Web,15,9,-0.1
S001189,P100256,Paid Social,2025-07-08,17,Live Dealer,Mobile Web,32,23,-66.8
S001190,P100257,Paid Search,2025-05-29,0,Bingo,Android App,115,46,-248.84
S001191,P100258,Affiliate,2025-06-11,0,Live Dealer,Android App,56,133,-288.79
S001192,P100258,Affiliate,2025-06-19,8,Sportsbook,Desktop,42,55,24.34
S001193,P100258,Affiliate,2025-06-21,10,Bingo,iOS App,6,14,-12.07
S001194,P100258,Affiliate,2025-06-22,11,Slots,iOS App,6,7,41.16
S001195,P100259,Paid Social,2025-02-05,0,Live Dealer,Mobile Web,32,47,-48.27
S001196,P100260,Paid Search,2025-04-05,0,Sportsbook,Mobile Web,12,20,14.09
S001197,P100260,Paid Search,2025-04-19,14,Slots,iOS App,8,10,5.24
S001198,P100260,Paid Search,2025-04-21,16,Slots,iOS App,27,71,17.5
S001199,P100260,Paid Search,2025-04-22,17,Live Dealer,Desktop,13,23,-158.49
S001200,P100260,Paid Search,2025-04-30,25,Bingo,Mobile Web,46,75,136.85
S001201,P100261,Paid Social,2025-06-11,0,Sportsbook,Android App,24,39,22.35
S001202,P100261,Paid Social,2025-06-14,3,Bingo,Desktop,57,94,459.1
S001203,P100261,Paid Social,2025-06-16,5,Table Games,iOS App,11,14,-125.02
S001204,P100262,Paid Search,2025-02-10,0,Slots,Desktop,4,4,11.19
S001205,P100262,Paid Search,2025-02-18,8,Bingo,Android App,3,3,-3.32
S001206,P100263,Paid Search,2025-04-28,0,Live Dealer,Desktop,16,45,-16.69
S001207,P100263,Paid Search,2025-05-06,8,Sportsbook,Mobile Web,11,20,-49.96
S001208,P100264,Affiliate,2025-06-22,0,Bingo,Mobile Web,202,488,-322.38
S001209,P100264,Affiliate,2025-07-06,14,Live Dealer,Android App,47,53,-101.09
S001210,P100264,Affiliate,2025-07-08,16,Table Games,iOS App,25,48,-257.4
S001211,P100264,Affiliate,2025-07-10,18,Bingo,Android App,25,68,252.42
S001212,P100264,Affiliate,2025-07-24,32,Bingo,Mobile Web,17,23,42.61
S001213,P100264,Affiliate,2025-07-25,33,Slots,Desktop,25,13,5.09
S001214,P100264,Affiliate,2025-07-28,36,Bingo,Mobile Web,8,24,115.52
S001215,P100265,Paid Social,2025-02-26,0,Slots,Android App,12,35,68.97
S001216,P100265,Paid Social,2025-03-03,5,Bingo,Desktop,17,32,38.68
S001217,P100265,Paid Social,2025-03-11,13,Table Games,Mobile Web,5,2,-3.56
S001218,P100265,Paid Social,2025-03-13,15,Bingo,Mobile Web,71,61,-78.4
S001219,P100266,Organic,2025-04-09,0,Slots,Android App,40,75,16.8
S001220,P100266,Organic,2025-04-10,1,Slots,iOS App,36,32,0.5
S001221,P100267,Affiliate,2025-02-21,0,Slots,Mobile Web,10,6,-22.02
S001222,P100267,Affiliate,2025-02-24,3,Sportsbook,iOS App,31,53,28.03
S001223,P100267,Affiliate,2025-03-10,17,Bingo,Desktop,34,25,18.77
S001224,P100267,Affiliate,2025-03-13,20,Table Games,iOS App,29,78,46.38
S001225,P100267,Affiliate,2025-03-14,21,Bingo,Mobile Web,31,48,40.0
S001226,P100267,Affiliate,2025-03-19,26,Table Games,Mobile Web,14,43,52.55
S001227,P100267,Affiliate,2025-03-20,27,Live Dealer,Desktop,14,6,4.93
S001228,P100267,Affiliate,2025-03-23,30,Sportsbook,Android App,5,13,8.09
S001229,P100267,Affiliate,2025-03-25,32,Sportsbook,iOS App,48,67,-138.92
S001230,P100267,Affiliate,2025-03-30,37,Live Dealer,Mobile Web,19,39,83.67
S001231,P100267,Affiliate,2025-03-31,38,Sportsbook,Android App,19,8,36.19
S001232,P100267,Affiliate,2025-04-05,43,Bingo,iOS App,18,36,120.97
S001233,P100267,Affiliate,2025-04-19,57,Sportsbook,Desktop,12,11,-30.22
S001234,P100268,Paid Social,2025-05-18,0,Bingo,Mobile Web,31,81,128.47
S001235,P100268,Paid Social,2025-05-19,1,Table Games,Android App,15,26,68.29
S001236,P100268,Paid Social,2025-05-22,4,Table Games,Desktop,28,22,3.84
S001237,P100268,Paid Social,2025-05-30,12,Bingo,Android App,9,11,-2.2
S001238,P100269,Paid Social,2025-04-21,0,Table Games,Desktop,12,34,-4.92
S001239,P100269,Paid Social,2025-04-22,1,Live Dealer,Desktop,24,32,-0.77
S001240,P100269,Paid Social,2025-04-23,2,Sportsbook,Android App,13,19,110.78
S001241,P100269,Paid Social,2025-04-24,3,Live Dealer,Android App,8,14,113.0
S001242,P100269,Paid Social,2025-05-08,17,Table Games,Desktop,63,159,-323.73
S001243,P100269,Paid Social,2025-05-09,18,Sportsbook,Mobile Web,5,4,3.95
S001244,P100269,Paid Social,2025-05-17,26,Sportsbook,Mobile Web,12,5,-0.73
S001245,P100270,Organic,2025-04-03,0,Live Dealer,Desktop,37,81,4.11
S001246,P100270,Organic,2025-04-04,1,Live Dealer,iOS App,4,6,-15.91
S001247,P100270,Organic,2025-04-05,2,Sportsbook,Android App,73,198,18.48
S001248,P100270,Organic,2025-04-07,4,Sportsbook,iOS App,3,7,1.69
S001249,P100270,Organic,2025-04-15,12,Sportsbook,iOS App,3,9,-2.9
S001250,P100270,Organic,2025-04-20,17,Live Dealer,Desktop,6,7,-10.95
S001251,P100270,Organic,2025-04-21,18,Live Dealer,Android App,108,182,57.13
S001252,P100270,Organic,2025-04-23,20,Live Dealer,iOS App,18,53,-25.75
S001253,P100270,Organic,2025-04-26,23,Bingo,Mobile Web,59,56,65.05
S001254,P100270,Organic,2025-05-10,37,Bingo,iOS App,39,89,-175.14
S001255,P100271,Paid Social,2025-01-27,0,Sportsbook,Android App,26,58,114.62
S001256,P100272,Affiliate,2025-06-09,0,Bingo,Android App,8,7,23.22
S001257,P100272,Affiliate,2025-06-10,1,Live Dealer,Mobile Web,14,32,43.92
S001258,P100272,Affiliate,2025-06-24,15,Sportsbook,iOS App,11,25,-27.32
S001259,P100272,Affiliate,2025-06-25,16,Sportsbook,iOS App,28,80,356.72
S001260,P100272,Affiliate,2025-06-26,17,Sportsbook,Mobile Web,32,31,1.75
S001261,P100273,Affiliate,2025-04-22,0,Table Games,Mobile Web,32,81,-113.48
S001262,P100274,Affiliate,2025-04-17,0,Sportsbook,iOS App,13,19,7.49
S001263,P100274,Affiliate,2025-04-18,1,Slots,Android App,14,9,16.07
S001264,P100275,Paid Social,2025-05-14,0,Bingo,iOS App,4,4,3.38
S001265,P100275,Paid Social,2025-05-19,5,Live Dealer,iOS App,31,13,17.87
S001266,P100276,Paid Search,2025-04-21,0,Live Dealer,iOS App,56,76,-112.62
S001267,P100276,Paid Search,2025-04-23,2,Bingo,iOS App,84,65,-12.62
S001268,P100276,Paid Search,2025-04-25,4,Sportsbook,Android App,10,19,90.13
S001269,P100276,Paid Search,2025-04-27,6,Sportsbook,Desktop,29,45,388.49
S001270,P100276,Paid Search,2025-04-29,8,Table Games,iOS App,22,16,-3.82
S001271,P100276,Paid Search,2025-04-30,9,Sportsbook,Desktop,69,166,27.22
S001272,P100277,Paid Social,2025-01-07,0,Bingo,Android App,146,349,45.63
S001273,P100277,Paid Social,2025-01-12,5,Sportsbook,Android App,7,5,1.6
S001274,P100277,Paid Social,2025-01-17,10,Table Games,iOS App,21,49,93.47
S001275,P100277,Paid Social,2025-01-31,24,Bingo,Android App,5,12,-4.82
S001276,P100277,Paid Social,2025-02-14,38,Live Dealer,Mobile Web,74,126,-237.98
S001277,P100277,Paid Social,2025-02-15,39,Slots,Mobile Web,24,56,-8.61
S001278,P100277,Paid Social,2025-02-23,47,Table Games,Desktop,29,61,106.74
S001279,P100277,Paid Social,2025-02-24,48,Table Games,Android App,9,8,-23.5
S001280,P100277,Paid Social,2025-02-26,50,Bingo,Mobile Web,12,28,6.74
S001281,P100277,Paid Social,2025-02-27,51,Slots,Android App,11,13,0.33
S001282,P100277,Paid Social,2025-03-13,65,Bingo,iOS App,28,21,32.23
S001283,P100277,Paid Social,2025-03-15,67,Slots,Desktop,13,32,173.13
S001284,P100277,Paid Social,2025-03-23,75,Table Games,iOS App,5,13,29.27
S001285,P100277,Paid Social,2025-03-26,78,Table Games,Android App,12,15,-23.82
S001286,P100277,Paid Social,2025-03-31,83,Sportsbook,iOS App,156,278,21.17
S001287,P100277,Paid Social,2025-04-05,88,Table Games,Mobile Web,24,20,-40.83
S001288,P100277,Paid Social,2025-04-06,89,Table Games,Mobile Web,8,19,-52.21
S001289,P100277,Paid Social,2025-04-20,103,Live Dealer,Mobile Web,25,73,-9.61
S001290,P100277,Paid Social,2025-04-21,104,Table Games,Android App,17,17,-46.22
S001291,P100277,Paid Social,2025-04-29,112,Slots,iOS App,7,16,6.39
S001292,P100277,Paid Social,2025-04-30,113,Slots,Mobile Web,33,102,-166.17
S001293,P100277,Paid Social,2025-05-02,115,Sportsbook,Android App,22,62,407.12
S001294,P100278,Paid Search,2025-01-11,0,Table Games,Desktop,14,23,127.1
S001295,P100278,Paid Search,2025-01-12,1,Table Games,Mobile Web,24,46,28.2
S001296,P100278,Paid Search,2025-01-13,2,Live Dealer,iOS App,8,17,73.99
S001297,P100278,Paid Search,2025-01-15,4,Bingo,iOS App,37,97,176.86
S001298,P100278,Paid Search,2025-01-16,5,Live Dealer,Android App,2,4,-5.86
S001299,P100279,Retail Crossover,2025-06-17,0,Bingo,Desktop,18,16,-81.13
S001300,P100280,Organic,2025-03-05,0,Live Dealer,Desktop,51,55,9.21
S001301,P100280,Organic,2025-03-08,3,Table Games,iOS App,6,3,7.06
S001302,P100280,Organic,2025-03-16,11,Bingo,Mobile Web,64,145,-16.93
S001303,P100280,Organic,2025-03-19,14,Bingo,Desktop,15,22,40.95
S001304,P100281,Organic,2025-02-14,0,Live Dealer,Android App,22,33,-31.4
S001305,P100282,Organic,2025-03-13,0,Sportsbook,Mobile Web,17,11,3.07
S001306,P100282,Organic,2025-03-14,1,Table Games,iOS App,57,98,1020.13
S001307,P100282,Organic,2025-03-16,3,Table Games,Android App,16,51,-46.3
S001308,P100282,Organic,2025-03-17,4,Slots,Desktop,26,65,-395.09
S001309,P100283,Paid Search,2025-06-03,0,Slots,Desktop,15,30,113.38
S001310,P100283,Paid Search,2025-06-05,2,Table Games,Android App,20,36,-4.3
S001311,P100283,Paid Search,2025-06-07,4,Sportsbook,iOS App,14,27,36.32
S001312,P100283,Paid Search,2025-06-12,9,Sportsbook,Desktop,40,47,-16.92
S001313,P100283,Paid Search,2025-06-13,10,Slots,Mobile Web,7,11,129.28
S001314,P100284,Paid Social,2025-01-02,0,Live Dealer,Mobile Web,22,28,-75.83
S001315,P100285,Organic,2025-02-14,0,Live Dealer,Mobile Web,22,50,270.41
S001316,P100285,Organic,2025-02-15,1,Live Dealer,iOS App,40,124,123.7
S001317,P100285,Organic,2025-02-16,2,Slots,Android App,25,75,-34.53
S001318,P100285,Organic,2025-02-19,5,Bingo,iOS App,27,69,21.18
S001319,P100285,Organic,2025-03-05,19,Sportsbook,Android App,4,8,11.88
S001320,P100285,Organic,2025-03-13,27,Bingo,Mobile Web,17,52,62.91
S001321,P100285,Organic,2025-03-14,28,Bingo,Mobile Web,21,31,11.66
S001322,P100285,Organic,2025-03-15,29,Live Dealer,Desktop,16,14,-11.2
S001323,P100285,Organic,2025-03-29,43,Live Dealer,Android App,35,78,505.96
S001324,P100285,Organic,2025-04-06,51,Sportsbook,Android App,38,109,233.52
S001325,P100285,Organic,2025-04-20,65,Slots,Desktop,50,107,-43.52
S001326,P100285,Organic,2025-04-25,70,Slots,Desktop,14,20,158.51
S001327,P100285,Organic,2025-05-09,84,Table Games,Mobile Web,35,103,-395.67
S001328,P100285,Organic,2025-05-10,85,Table Games,Mobile Web,29,60,86.1
S001329,P100285,Organic,2025-05-11,86,Sportsbook,Mobile Web,47,74,-21.86
S001330,P100285,Organic,2025-05-12,87,Bingo,Mobile Web,7,21,141.29
S001331,P100285,Organic,2025-05-14,89,Live Dealer,Desktop,40,22,16.43
S001332,P100285,Organic,2025-05-19,94,Live Dealer,Mobile Web,8,16,11.32
S001333,P100285,Organic,2025-05-27,102,Bingo,Desktop,9,26,-2.92
S001334,P100285,Organic,2025-05-30,105,Table Games,Android App,39,67,-57.49
S001335,P100285,Organic,2025-06-02,108,Bingo,iOS App,23,67,36.31
S001336,P100285,Organic,2025-06-05,111,Slots,Mobile Web,9,9,2.72
S001337,P100285,Organic,2025-06-07,113,Bingo,Mobile Web,2,3,-15.23
S001338,P100285,Organic,2025-06-21,127,Slots,Android App,7,20,-114.11
S001339,P100285,Organic,2025-06-29,135,Sportsbook,Android App,18,12,2.8
S001340,P100285,Organic,2025-06-30,136,Table Games,iOS App,39,122,-650.23
S001341,P100286,Paid Social,2025-03-03,0,Table Games,Desktop,15,17,67.73
S001342,P100286,Paid Social,2025-03-04,1,Sportsbook,Android App,24,21,-7.84
S001343,P100286,Paid Social,2025-03-06,3,Slots,Mobile Web,12,27,40.59
S001344,P100286,Paid Social,2025-03-14,11,Slots,iOS App,17,40,19.94
S001345,P100287,Organic,2025-01-22,0,Table Games,Desktop,29,67,177.57
S001346,P100287,Organic,2025-01-25,3,Table Games,Desktop,13,39,-344.22
S001347,P100288,Organic,2025-04-14,0,Slots,Desktop,31,87,-334.66
S001348,P100288,Organic,2025-04-19,5,Table Games,Android App,14,20,9.92
S001349,P100289,Retail Crossover,2025-05-25,0,Live Dealer,iOS App,38,49,-0.95
S001350,P100289,Retail Crossover,2025-05-26,1,Live Dealer,Desktop,15,35,-108.75
S001351,P100290,Paid Social,2025-02-04,0,Live Dealer,Mobile Web,12,8,8.36
S001352,P100290,Paid Social,2025-02-05,1,Slots,iOS App,11,16,-26.21
S001353,P100291,Retail Crossover,2025-02-03,0,Sportsbook,Mobile Web,15,18,22.74
S001354,P100291,Retail Crossover,2025-02-04,1,Sportsbook,Android App,23,25,30.45
S001355,P100291,Retail Crossover,2025-02-09,6,Sportsbook,Mobile Web,53,85,12.68
S001356,P100292,Paid Search,2025-04-23,0,Slots,Desktop,3,4,0.9
S001357,P100292,Paid Search,2025-04-26,3,Bingo,Desktop,14,28,-65.45
S001358,P100292,Paid Search,2025-04-29,6,Slots,Android App,35,45,4.37
S001359,P100292,Paid Search,2025-04-30,7,Table Games,iOS App,12,16,27.33
S001360,P100292,Paid Search,2025-05-14,21,Sportsbook,Android App,23,38,-46.12
S001361,P100292,Paid Search,2025-05-17,24,Bingo,Mobile Web,44,140,16.57
S001362,P100293,Paid Search,2025-03-26,0,Slots,Mobile Web,11,29,48.01
S001363,P100293,Paid Search,2025-03-27,1,Table Games,iOS App,8,5,-27.79
S001364,P100293,Paid Search,2025-03-28,2,Sportsbook,Android App,10,25,28.34
S001365,P100293,Paid Search,2025-04-11,16,Slots,Mobile Web,14,36,95.94
S001366,P100293,Paid Search,2025-04-14,19,Live Dealer,iOS App,62,196,122.68
S001367,P100293,Paid Search,2025-04-15,20,Table Games,Android App,18,14,5.02
S001368,P100293,Paid Search,2025-04-17,22,Slots,Android App,8,17,-55.42
S001369,P100293,Paid Search,2025-04-19,24,Table Games,iOS App,10,11,36.09
S001370,P100294,Paid Search,2025-06-07,0,Bingo,Mobile Web,28,78,506.25
S001371,P100295,Affiliate,2025-06-13,0,Table Games,Mobile Web,15,40,20.36
S001372,P100295,Affiliate,2025-06-14,1,Slots,Mobile Web,24,16,-83.85
S001373,P100295,Affiliate,2025-06-16,3,Sportsbook,Desktop,11,32,-194.11
S001374,P100296,Organic,2025-06-18,0,Sportsbook,Mobile Web,60,98,-52.48
S001375,P100296,Organic,2025-06-21,3,Table Games,Android App,12,15,4.09
S001376,P100296,Organic,2025-06-29,11,Bingo,iOS App,10,27,52.51
S001377,P100296,Organic,2025-07-02,14,Table Games,Desktop,9,16,28.2
S001378,P100296,Organic,2025-07-07,19,Sportsbook,Android App,39,90,-17.37
S001379,P100296,Organic,2025-07-08,20,Table Games,iOS App,22,9,-1.74
S001380,P100296,Organic,2025-07-11,23,Bingo,iOS App,26,20,-66.78
S001381,P100296,Organic,2025-07-14,26,Bingo,Android App,9,12,5.58
S001382,P100296,Organic,2025-07-16,28,Live Dealer,iOS App,60,63,11.3
S001383,P100296,Organic,2025-07-18,30,Table Games,Desktop,8,11,27.66
S001384,P100297,Retail Crossover,2025-04-01,0,Sportsbook,Android App,12,24,170.65
S001385,P100297,Retail Crossover,2025-04-02,1,Table Games,Mobile Web,33,47,-13.64
S001386,P100297,Retail Crossover,2025-04-03,2,Slots,Mobile Web,41,32,12.98
S001387,P100297,Retail Crossover,2025-04-04,3,Table Games,Mobile Web,23,29,-69.66
S001388,P100297,Retail Crossover,2025-04-05,4,Sportsbook,Mobile Web,22,28,49.93
S001389,P100297,Retail Crossover,2025-04-13,12,Slots,Desktop,8,24,-97.44
S001390,P100297,Retail Crossover,2025-04-16,15,Sportsbook,Mobile Web,22,16,-13.58
S001391,P100297,Retail Crossover,2025-04-21,20,Sportsbook,iOS App,4,8,29.43
S001392,P100297,Retail Crossover,2025-04-23,22,Live Dealer,Android App,20,55,274.4
S001393,P100298,Paid Search,2025-05-16,0,Bingo,Mobile Web,24,29,2.26
S001394,P100298,Paid Search,2025-05-18,2,Slots,Android App,10,18,-38.08
S001395,P100299,Paid Social,2025-01-28,0,Bingo,Desktop,37,63,-69.64
S001396,P100300,Paid Search,2025-04-17,0,Table Games,Mobile Web,9,14,70.82
S001397,P100300,Paid Search,2025-04-18,1,Bingo,Mobile Web,18,46,210.58
S001398,P100300,Paid Search,2025-04-21,4,Table Games,iOS App,11,20,70.28
S001399,P100300,Paid Search,2025-04-26,9,Bingo,Android App,19,13,65.16
S001400,P100300,Paid Search,2025-04-28,11,Sportsbook,Mobile Web,55,66,-58.6
S001401,P100300,Paid Search,2025-05-12,25,Bingo,iOS App,65,121,-411.23
S001402,P100300,Paid Search,2025-05-14,27,Slots,Android App,14,44,37.75
S001403,P100300,Paid Search,2025-05-15,28,Table Games,iOS App,12,25,-10.89
S001404,P100300,Paid Search,2025-05-29,42,Table Games,iOS App,29,87,169.15
S001405,P100300,Paid Search,2025-05-30,43,Sportsbook,Desktop,9,24,3.27
S001406,P100300,Paid Search,2025-06-13,57,Slots,Desktop,17,15,-7.49
S001407,P100301,Organic,2025-06-20,0,Slots,Desktop,22,65,114.43
S001408,P100301,Organic,2025-06-21,1,Table Games,Mobile Web,55,134,-202.43
S001409,P100301,Organic,2025-06-22,2,Sportsbook,Desktop,14,15,-2.59
S001410,P100301,Organic,2025-06-30,10,Bingo,Android App,18,18,-15.38
S001411,P100301,Organic,2025-07-03,13,Bingo,Mobile Web,24,52,-31.96
S001412,P100301,Organic,2025-07-05,15,Sportsbook,Desktop,4,5,3.94
S001413,P100301,Organic,2025-07-06,16,Live Dealer,Android App,15,44,-283.59
S001414,P100301,Organic,2025-07-07,17,Live Dealer,Desktop,93,135,67.44
S001415,P100301,Organic,2025-07-09,19,Bingo,iOS App,44,128,-112.01
S001416,P100301,Organic,2025-07-17,27,Slots,Mobile Web,9,16,-228.35
S001417,P100301,Organic,2025-07-25,35,Live Dealer,iOS App,31,69,-166.75
S001418,P100301,Organic,2025-07-30,40,Slots,Android App,12,33,-58.41
S001419,P100301,Organic,2025-08-07,48,Sportsbook,Desktop,84,157,217.59
S001420,P100301,Organic,2025-08-08,49,Bingo,Desktop,8,25,-41.73
S001421,P100301,Organic,2025-08-13,54,Live Dealer,Android App,9,11,0.93
S001422,P100301,Organic,2025-08-16,57,Table Games,Mobile Web,10,18,-54.25
S001423,P100301,Organic,2025-08-17,58,Table Games,iOS App,18,13,-14.15
S001424,P100301,Organic,2025-08-31,72,Bingo,Desktop,29,58,16.82
S001425,P100301,Organic,2025-09-03,75,Sportsbook,iOS App,52,149,84.67
S001426,P100301,Organic,2025-09-05,77,Sportsbook,Android App,21,10,7.61
S001427,P100301,Organic,2025-09-07,79,Bingo,Mobile Web,64,159,140.63
S001428,P100301,Organic,2025-09-10,82,Slots,Android App,43,114,-115.17
S001429,P100301,Organic,2025-09-12,84,Table Games,Mobile Web,7,7,-51.0
S001430,P100301,Organic,2025-09-20,92,Table Games,Android App,26,55,5.58
S001431,P100301,Organic,2025-09-22,94,Sportsbook,Mobile Web,46,42,60.35
S001432,P100301,Organic,2025-09-23,95,Sportsbook,Desktop,10,31,-262.92
S001433,P100301,Organic,2025-10-07,109,Bingo,iOS App,19,50,-17.66
S001434,P100301,Organic,2025-10-08,110,Table Games,Mobile Web,6,13,-10.73
S001435,P100301,Organic,2025-10-22,124,Live Dealer,Desktop,43,32,-17.02
S001436,P100301,Organic,2025-10-23,125,Bingo,Android App,8,3,15.72
S001437,P100302,Affiliate,2025-05-28,0,Table Games,Mobile Web,17,22,-1.84
S001438,P100302,Affiliate,2025-05-30,2,Slots,Desktop,40,95,114.92
S001439,P100302,Affiliate,2025-05-31,3,Bingo,Desktop,11,14,0.71
S001440,P100302,Affiliate,2025-06-01,4,Live Dealer,iOS App,71,226,451.09
S001441,P100302,Affiliate,2025-06-02,5,Table Games,Android App,131,415,658.92
S001442,P100302,Affiliate,2025-06-04,7,Live Dealer,Mobile Web,26,17,76.29
S001443,P100303,Paid Search,2025-06-26,0,Slots,Mobile Web,5,15,-3.08
S001444,P100303,Paid Search,2025-06-27,1,Sportsbook,Mobile Web,119,135,345.21
S001445,P100303,Paid Search,2025-07-02,6,Bingo,Desktop,31,93,-256.54
S001446,P100304,Retail Crossover,2025-03-02,0,Live Dealer,iOS App,43,88,37.14
S001447,P100304,Retail Crossover,2025-03-16,14,Bingo,Mobile Web,36,23,-25.59
S001448,P100304,Retail Crossover,2025-03-17,15,Sportsbook,iOS App,8,15,24.42
S001449,P100305,Retail Crossover,2025-04-04,0,Table Games,Android App,15,15,27.22
S001450,P100305,Retail Crossover,2025-04-12,8,Sportsbook,Mobile Web,17,38,93.75
S001451,P100305,Retail Crossover,2025-04-13,9,Slots,iOS App,39,118,47.01
S001452,P100305,Retail Crossover,2025-04-16,12,Live Dealer,Android App,40,111,-162.46
S001453,P100305,Retail Crossover,2025-04-18,14,Table Games,iOS App,10,7,-5.03
S001454,P100305,Retail Crossover,2025-04-19,15,Slots,Android App,11,20,-1.78
S001455,P100305,Retail Crossover,2025-04-20,16,Table Games,iOS App,10,6,-5.48
S001456,P100305,Retail Crossover,2025-04-25,21,Bingo,Mobile Web,2,1,-2.45
S001457,P100305,Retail Crossover,2025-04-30,26,Live Dealer,Desktop,54,151,-19.69
S001458,P100305,Retail Crossover,2025-05-14,40,Bingo,Android App,46,74,200.71
S001459,P100305,Retail Crossover,2025-05-15,41,Live Dealer,Android App,15,39,-100.13
S001460,P100305,Retail Crossover,2025-05-16,42,Slots,Desktop,32,84,-63.84
S001461,P100305,Retail Crossover,2025-05-24,50,Table Games,Android App,7,19,-32.34
S001462,P100305,Retail Crossover,2025-05-25,51,Table Games,Mobile Web,6,18,-1.53
S001463,P100305,Retail Crossover,2025-05-26,52,Table Games,Android App,16,24,-33.86
S001464,P100305,Retail Crossover,2025-06-03,60,Slots,Android App,14,23,32.76
S001465,P100305,Retail Crossover,2025-06-08,65,Slots,Mobile Web,24,34,12.53
S001466,P100306,Paid Social,2025-05-21,0,Slots,Android App,23,53,197.39
S001467,P100306,Paid Social,2025-06-04,14,Live Dealer,Android App,7,14,-2.09
S001468,P100307,Paid Social,2025-01-03,0,Bingo,Mobile Web,9,9,32.97
S001469,P100307,Paid Social,2025-01-04,1,Table Games,Android App,29,58,195.11
S001470,P100307,Paid Social,2025-01-09,6,Live Dealer,Android App,19,26,144.96
S001471,P100307,Paid Social,2025-01-10,7,Live Dealer,Mobile Web,19,37,51.03
S001472,P100307,Paid Social,2025-01-12,9,Bingo,Desktop,33,25,-3.11
S001473,P100307,Paid Social,2025-01-13,10,Bingo,Android App,41,89,-403.04
S001474,P100307,Paid Social,2025-01-18,15,Live Dealer,iOS App,18,25,-323.86
S001475,P100307,Paid Social,2025-01-19,16,Sportsbook,Desktop,6,5,7.63
S001476,P100307,Paid Social,2025-01-27,24,Table Games,Android App,32,99,-450.93
S001477,P100307,Paid Social,2025-01-30,27,Sportsbook,iOS App,32,77,44.23
S001478,P100307,Paid Social,2025-02-04,32,Table Games,Android App,19,18,56.33
S001479,P100308,Retail Crossover,2025-06-11,0,Bingo,Mobile Web,35,63,-33.17
S001480,P100308,Retail Crossover,2025-06-16,5,Bingo,Android App,12,37,55.31
S001481,P100308,Retail Crossover,2025-06-17,6,Bingo,Android App,5,3,5.74
S001482,P100308,Retail Crossover,2025-07-01,20,Table Games,Mobile Web,32,85,507.42
S001483,P100309,Affiliate,2025-01-24,0,Slots,iOS App,40,83,-122.44
S001484,P100309,Affiliate,2025-01-27,3,Sportsbook,iOS App,10,5,-4.26
S001485,P100309,Affiliate,2025-01-28,4,Bingo,Desktop,4,7,-12.53
S001486,P100309,Affiliate,2025-01-29,5,Slots,Mobile Web,14,18,7.54
S001487,P100310,Paid Search,2025-03-17,0,Table Games,Android App,26,70,87.33
S001488,P100310,Paid Search,2025-03-18,1,Slots,Desktop,40,112,23.86
S001489,P100310,Paid Search,2025-03-26,9,Slots,Mobile Web,14,24,-35.41
S001490,P100310,Paid Search,2025-04-09,23,Sportsbook,Android App,24,15,-13.34
S001491,P100310,Paid Search,2025-04-14,28,Bingo,iOS App,17,24,-204.91
S001492,P100310,Paid Search,2025-04-16,30,Sportsbook,Mobile Web,45,58,370.47
S001493,P100310,Paid Search,2025-04-18,32,Live Dealer,Desktop,30,47,-59.48
S001494,P100310,Paid Search,2025-04-20,34,Table Games,Android App,11,23,10.09
S001495,P100310,Paid Search,2025-04-21,35,Slots,Desktop,26,55,3.87
S001496,P100310,Paid Search,2025-04-22,36,Sportsbook,Android App,59,29,45.79
S001497,P100310,Paid Search,2025-04-25,39,Slots,Desktop,16,46,-120.16
S001498,P100310,Paid Search,2025-04-26,40,Table Games,Android App,27,50,-35.66
S001499,P100310,Paid Search,2025-05-01,45,Slots,iOS App,23,41,-42.8
S001500,P100311,Affiliate,2025-04-05,0,Table Games,Desktop,31,24,35.47
S001501,P100311,Affiliate,2025-04-19,14,Bingo,Desktop,71,101,-164.92
S001502,P100312,Affiliate,2025-02-03,0,Bingo,iOS App,28,24,69.9
S001503,P100312,Affiliate,2025-02-04,1,Slots,Android App,5,5,41.91
S001504,P100312,Affiliate,2025-02-06,3,Live Dealer,Android App,79,36,72.39
S001505,P100313,Paid Search,2025-05-02,0,Sportsbook,Desktop,11,29,43.34
S001506,P100313,Paid Search,2025-05-04,2,Live Dealer,iOS App,15,44,-318.43
S001507,P100313,Paid Search,2025-05-06,4,Live Dealer,iOS App,51,115,-450.76
S001508,P100313,Paid Search,2025-05-14,12,Bingo,Mobile Web,31,26,-29.66
S001509,P100314,Retail Crossover,2025-02-08,0,Bingo,Android App,33,68,226.52
S001510,P100314,Retail Crossover,2025-02-16,8,Bingo,Desktop,13,20,-52.28
S001511,P100314,Retail Crossover,2025-02-21,13,Bingo,Mobile Web,16,37,270.78
S001512,P100314,Retail Crossover,2025-02-22,14,Live Dealer,iOS App,23,46,66.77
S001513,P100314,Retail Crossover,2025-03-02,22,Slots,Mobile Web,11,25,106.65
S001514,P100314,Retail Crossover,2025-03-05,25,Slots,Desktop,104,291,101.48
S001515,P100314,Retail Crossover,2025-03-08,28,Bingo,Desktop,6,12,-30.26
S001516,P100314,Retail Crossover,2025-03-10,30,Bingo,Android App,18,53,64.74
S001517,P100314,Retail Crossover,2025-03-12,32,Bingo,Android App,9,13,56.49
S001518,P100314,Retail Crossover,2025-03-26,46,Table Games,Mobile Web,30,74,-58.01
S001519,P100314,Retail Crossover,2025-04-03,54,Slots,iOS App,10,6,-56.3
S001520,P100314,Retail Crossover,2025-04-08,59,Bingo,iOS App,16,18,22.67
S001521,P100314,Retail Crossover,2025-04-22,73,Live Dealer,Desktop,26,83,906.66
S001522,P100314,Retail Crossover,2025-04-30,81,Table Games,Mobile Web,41,95,558.42
S001523,P100315,Affiliate,2025-03-26,0,Slots,iOS App,15,35,-14.34
S001524,P100316,Paid Social,2025-01-30,0,Bingo,Android App,78,212,-1392.08
S001525,P100316,Paid Social,2025-02-04,5,Slots,iOS App,25,15,68.96
S001526,P100316,Paid Social,2025-02-12,13,Sportsbook,Desktop,12,12,-17.84
S001527,P100316,Paid Social,2025-02-26,27,Table Games,iOS App,39,17,-36.72
S001528,P100316,Paid Social,2025-02-27,28,Bingo,Mobile Web,4,6,-12.87
S001529,P100317,Paid Search,2025-05-27,0,Sportsbook,Desktop,36,89,193.99
S001530,P100318,Organic,2025-02-22,0,Bingo,Android App,32,72,-8.08
S001531,P100319,Paid Social,2025-03-25,0,Sportsbook,iOS App,13,39,105.51
S001532,P100319,Paid Social,2025-04-02,8,Sportsbook,Mobile Web,16,30,64.03
S001533,P100319,Paid Social,2025-04-16,22,Table Games,iOS App,6,16,143.11
S001534,P100319,Paid Social,2025-04-19,25,Bingo,iOS App,5,10,38.66
S001535,P100319,Paid Social,2025-05-03,39,Slots,Android App,27,45,7.48
S001536,P100319,Paid Social,2025-05-04,40,Table Games,Desktop,20,51,120.25
S001537,P100319,Paid Social,2025-05-12,48,Bingo,Android App,14,38,4.03
S001538,P100319,Paid Social,2025-05-14,50,Slots,Android App,12,36,4.5
S001539,P100319,Paid Social,2025-05-19,55,Bingo,Android App,21,21,85.08
S001540,P100319,Paid Social,2025-06-02,69,Live Dealer,Desktop,21,34,-26.83
S001541,P100319,Paid Social,2025-06-10,77,Table Games,Android App,15,25,56.17
S001542,P100319,Paid Social,2025-06-18,85,Sportsbook,Mobile Web,16,37,238.5
S001543,P100320,Affiliate,2025-03-30,0,Sportsbook,Android App,40,73,-112.66
S001544,P100321,Affiliate,2025-04-09,0,Table Games,Desktop,37,49,-1.25
S001545,P100321,Affiliate,2025-04-14,5,Live Dealer,iOS App,8,7,-49.6
S001546,P100322,Organic,2025-05-13,0,Live Dealer,iOS App,15,27,5.54
S001547,P100322,Organic,2025-05-14,1,Sportsbook,iOS App,26,81,268.72
S001548,P100322,Organic,2025-05-22,9,Slots,Desktop,26,21,-3.97
S001549,P100322,Organic,2025-05-24,11,Live Dealer,Desktop,37,96,375.62
S001550,P100323,Organic,2025-06-28,0,Table Games,iOS App,18,52,279.68
S001551,P100323,Organic,2025-07-12,14,Bingo,Mobile Web,7,5,-10.93
S001552,P100323,Organic,2025-07-15,17,Sportsbook,Desktop,47,113,485.1
S001553,P100323,Organic,2025-07-29,31,Bingo,Android App,12,18,98.9
S001554,P100323,Organic,2025-07-30,32,Sportsbook,iOS App,8,8,1.92
S001555,P100323,Organic,2025-07-31,33,Live Dealer,iOS App,15,33,128.75
S001556,P100323,Organic,2025-08-02,35,Bingo,iOS App,70,201,471.25
S001557,P100323,Organic,2025-08-16,49,Table Games,Android App,62,162,-1210.64
S001558,P100323,Organic,2025-08-24,57,Sportsbook,Android App,26,14,0.87
S001559,P100323,Organic,2025-09-07,71,Sportsbook,iOS App,72,168,81.77
S001560,P100324,Affiliate,2025-04-10,0,Live Dealer,Mobile Web,15,14,30.58
S001561,P100324,Affiliate,2025-04-12,2,Slots,Mobile Web,12,10,-4.44
S001562,P100324,Affiliate,2025-04-15,5,Live Dealer,iOS App,79,85,177.95
S001563,P100324,Affiliate,2025-04-20,10,Sportsbook,Desktop,27,15,-36.12
S001564,P100324,Affiliate,2025-04-22,12,Table Games,Mobile Web,15,19,17.07
S001565,P100324,Affiliate,2025-05-06,26,Bingo,Mobile Web,18,7,7.52
S001566,P100324,Affiliate,2025-05-09,29,Bingo,iOS App,25,19,8.3
S001567,P100324,Affiliate,2025-05-10,30,Slots,iOS App,25,78,-551.4
S001568,P100324,Affiliate,2025-05-11,31,Slots,Desktop,28,72,88.87
S001569,P100324,Affiliate,2025-05-13,33,Bingo,Mobile Web,32,96,251.72
S001570,P100325,Organic,2025-05-20,0,Sportsbook,Mobile Web,26,25,-14.32
S001571,P100326,Paid Social,2025-02-11,0,Slots,Desktop,14,16,20.09
S001572,P100327,Paid Search,2025-05-05,0,Slots,Mobile Web,24,39,8.55
S001573,P100327,Paid Search,2025-05-07,2,Table Games,Desktop,157,200,-844.55
S001574,P100327,Paid Search,2025-05-12,7,Live Dealer,Desktop,8,8,8.43
S001575,P100328,Organic,2025-05-26,0,Bingo,iOS App,30,26,64.57
S001576,P100328,Organic,2025-06-03,8,Live Dealer,Desktop,41,24,161.39
S001577,P100329,Retail Crossover,2025-03-31,0,Live Dealer,Android App,7,18,33.07
S001578,P100329,Retail Crossover,2025-04-08,8,Table Games,iOS App,52,65,78.84
S001579,P100329,Retail Crossover,2025-04-16,16,Slots,Android App,8,14,-22.36
S001580,P100330,Paid Social,2025-02-07,0,Table Games,iOS App,38,113,155.05
S001581,P100330,Paid Social,2025-02-10,3,Bingo,Desktop,7,8,-21.59
S001582,P100331,Paid Search,2025-03-19,0,Live Dealer,Mobile Web,20,55,-19.38
S001583,P100331,Paid Search,2025-04-02,14,Sportsbook,iOS App,4,12,23.58
S001584,P100331,Paid Search,2025-04-16,28,Live Dealer,iOS App,88,202,-825.09
S001585,P100332,Retail Crossover,2025-02-12,0,Sportsbook,Android App,15,37,64.57
S001586,P100332,Retail Crossover,2025-02-13,1,Bingo,Desktop,66,144,-209.45
S001587,P100332,Retail Crossover,2025-02-27,15,Bingo,Desktop,51,29,43.69
S001588,P100332,Retail Crossover,2025-03-13,29,Bingo,Android App,82,172,5.56
S001589,P100332,Retail Crossover,2025-03-14,30,Sportsbook,iOS App,12,5,-13.54
S001590,P100332,Retail Crossover,2025-03-19,35,Sportsbook,Desktop,45,20,-42.82
S001591,P100333,Affiliate,2025-02-13,0,Sportsbook,Desktop,38,85,-6.5
S001592,P100333,Affiliate,2025-02-21,8,Slots,Android App,6,7,-0.96
S001593,P100333,Affiliate,2025-03-01,16,Slots,iOS App,7,18,-106.53
S001594,P100333,Affiliate,2025-03-04,19,Table Games,Mobile Web,20,55,-16.15
S001595,P100334,Paid Search,2025-06-07,0,Slots,iOS App,28,49,-12.89
S001596,P100334,Paid Search,2025-06-21,14,Live Dealer,Mobile Web,4,2,1.26
S001597,P100334,Paid Search,2025-06-29,22,Slots,iOS App,49,22,7.32
S001598,P100334,Paid Search,2025-06-30,23,Sportsbook,Android App,10,17,-81.11
S001599,P100334,Paid Search,2025-07-14,37,Table Games,Desktop,39,54,215.27
S001600,P100334,Paid Search,2025-07-28,51,Sportsbook,Mobile Web,21,26,94.28
S001601,P100334,Paid Search,2025-07-29,52,Live Dealer,Desktop,45,65,31.12
S001602,P100334,Paid Search,2025-08-06,60,Live Dealer,Android App,25,52,28.4
S001603,P100334,Paid Search,2025-08-11,65,Slots,Mobile Web,7,8,5.4
S001604,P100335,Paid Social,2025-03-13,0,Sportsbook,Android App,26,70,54.71
S001605,P100335,Paid Social,2025-03-14,1,Sportsbook,Mobile Web,12,27,12.92
S001606,P100336,Paid Social,2025-05-07,0,Live Dealer,Mobile Web,37,60,-91.15
S001607,P100336,Paid Social,2025-05-21,14,Bingo,iOS App,13,32,70.3
S001608,P100336,Paid Social,2025-05-22,15,Slots,iOS App,26,82,-63.6
S001609,P100336,Paid Social,2025-05-24,17,Bingo,iOS App,103,92,-132.68
S001610,P100337,Retail Crossover,2025-05-04,0,Slots,Desktop,6,14,-0.9
S001611,P100337,Retail Crossover,2025-05-05,1,Slots,Mobile Web,11,31,6.61
S001612,P100337,Retail Crossover,2025-05-08,4,Bingo,Android App,4,5,0.08
S001613,P100338,Affiliate,2025-02-17,0,Slots,iOS App,37,54,156.2
S001614,P100338,Affiliate,2025-02-22,5,Slots,Mobile Web,23,39,13.15
S001615,P100338,Affiliate,2025-02-23,6,Sportsbook,Mobile Web,20,45,153.19
S001616,P100338,Affiliate,2025-02-26,9,Sportsbook,Android App,19,11,-44.83
S001617,P100339,Affiliate,2025-04-18,0,Table Games,Mobile Web,7,11,16.06
S001618,P100340,Retail Crossover,2025-04-05,0,Live Dealer,Android App,10,9,-29.58
S001619,P100340,Retail Crossover,2025-04-08,3,Slots,Android App,66,178,35.84
S001620,P100340,Retail Crossover,2025-04-09,4,Slots,Android App,30,20,31.73
S001621,P100340,Retail Crossover,2025-04-12,7,Live Dealer,iOS App,41,63,12.54
S001622,P100340,Retail Crossover,2025-04-26,21,Slots,Desktop,14,43,73.14
S001623,P100340,Retail Crossover,2025-05-10,35,Sportsbook,Desktop,22,39,-30.58
S001624,P100340,Retail Crossover,2025-05-11,36,Bingo,iOS App,25,57,201.07
S001625,P100340,Retail Crossover,2025-05-25,50,Sportsbook,Mobile Web,41,59,13.94
S001626,P100340,Retail Crossover,2025-05-30,55,Table Games,iOS App,7,4,1.76
S001627,P100340,Retail Crossover,2025-06-13,69,Table Games,Desktop,44,129,-908.19
S001628,P100340,Retail Crossover,2025-06-27,83,Bingo,Desktop,20,50,-36.26
S001629,P100340,Retail Crossover,2025-07-05,91,Sportsbook,Android App,18,16,-12.92
S001630,P100340,Retail Crossover,2025-07-08,94,Table Games,Desktop,29,85,-31.89
S001631,P100340,Retail Crossover,2025-07-10,96,Slots,Android App,27,55,0.77
S001632,P100340,Retail Crossover,2025-07-15,101,Sportsbook,Mobile Web,60,24,7.13
S001633,P100340,Retail Crossover,2025-07-20,106,Slots,iOS App,4,11,-4.06
S001634,P100340,Retail Crossover,2025-08-03,120,Table Games,Desktop,6,15,13.49
S001635,P100341,Paid Social,2025-02-27,0,Table Games,Mobile Web,40,44,-81.83
S001636,P100341,Paid Social,2025-03-07,8,Live Dealer,Mobile Web,16,32,206.46
S001637,P100341,Paid Social,2025-03-12,13,Live Dealer,iOS App,65,69,-276.44
S001638,P100341,Paid Social,2025-03-17,18,Table Games,iOS App,76,95,177.51
S001639,P100341,Paid Social,2025-03-22,23,Sportsbook,Android App,17,42,86.69
S001640,P100341,Paid Social,2025-03-25,26,Live Dealer,Mobile Web,14,28,-5.21
S001641,P100341,Paid Social,2025-03-28,29,Sportsbook,Android App,43,26,-24.43
S001642,P100342,Paid Social,2025-04-17,0,Bingo,Desktop,12,17,-107.55
S001643,P100342,Paid Social,2025-04-18,1,Slots,Mobile Web,83,60,82.07
S001644,P100342,Paid Social,2025-04-19,2,Sportsbook,Android App,31,66,-60.74
S001645,P100342,Paid Social,2025-04-24,7,Live Dealer,Desktop,21,28,170.07
S001646,P100342,Paid Social,2025-05-02,15,Bingo,Desktop,40,103,-76.47
S001647,P100342,Paid Social,2025-05-10,23,Sportsbook,Android App,20,34,53.49
S001648,P100343,Paid Social,2025-01-03,0,Table Games,iOS App,9,22,68.75
S001649,P100343,Paid Social,2025-01-17,14,Bingo,Android App,9,7,22.5
S001650,P100344,Retail Crossover,2025-01-24,0,Live Dealer,iOS App,51,62,-11.23
S001651,P100345,Retail Crossover,2025-05-13,0,Table Games,Android App,25,75,38.41
S001652,P100345,Retail Crossover,2025-05-18,5,Bingo,Android App,8,21,65.37
S001653,P100345,Retail Crossover,2025-05-19,6,Table Games,iOS App,52,64,-296.23
S001654,P100346,Affiliate,2025-06-17,0,Table Games,Android App,17,27,71.08
S001655,P100346,Affiliate,2025-06-22,5,Slots,iOS App,9,16,-30.2
S001656,P100346,Affiliate,2025-07-06,19,Table Games,Desktop,4,5,-7.85
S001657,P100346,Affiliate,2025-07-07,20,Live Dealer,Desktop,8,8,-49.05
S001658,P100346,Affiliate,2025-07-15,28,Live Dealer,iOS App,53,156,-144.35
S001659,P100346,Affiliate,2025-07-29,42,Live Dealer,iOS App,30,92,-113.3
S001660,P100347,Paid Search,2025-04-28,0,Bingo,Mobile Web,75,88,-4.39
S001661,P100347,Paid Search,2025-05-01,3,Table Games,Desktop,30,37,-92.71
S001662,P100347,Paid Search,2025-05-15,17,Live Dealer,iOS App,26,45,-206.9
S001663,P100347,Paid Search,2025-05-16,18,Slots,Mobile Web,42,50,-1.95
S001664,P100348,Retail Crossover,2025-06-19,0,Table Games,Mobile Web,97,88,-32.19
S001665,P100348,Retail Crossover,2025-07-03,14,Table Games,Mobile Web,27,57,50.65
S001666,P100348,Retail Crossover,2025-07-17,28,Sportsbook,Desktop,19,11,51.74
S001667,P100348,Retail Crossover,2025-07-19,30,Table Games,Android App,22,57,-416.61
S001668,P100349,Retail Crossover,2025-05-22,0,Sportsbook,iOS App,40,32,13.53
S001669,P100350,Organic,2025-06-30,0,Live Dealer,Android App,32,65,-14.07
S001670,P100351,Retail Crossover,2025-02-07,0,Live Dealer,Mobile Web,9,10,16.1
S001671,P100351,Retail Crossover,2025-02-21,14,Slots,iOS App,39,49,28.59
S001672,P100351,Retail Crossover,2025-02-24,17,Bingo,Android App,13,33,-263.45
S001673,P100352,Organic,2025-05-28,0,Table Games,Android App,35,101,185.43
S001674,P100353,Affiliate,2025-02-02,0,Table Games,Desktop,22,63,27.58
S001675,P100353,Affiliate,2025-02-03,1,Slots,Mobile Web,14,17,-83.54
S001676,P100353,Affiliate,2025-02-04,2,Live Dealer,Android App,19,25,-94.65
S001677,P100354,Paid Search,2025-01-22,0,Bingo,Desktop,89,95,1136.65
S001678,P100355,Affiliate,2025-05-12,0,Live Dealer,Android App,42,86,118.37
S001679,P100355,Affiliate,2025-05-15,3,Live Dealer,Desktop,27,47,44.16
S001680,P100356,Affiliate,2025-05-05,0,Live Dealer,Android App,54,100,-111.52
S001681,P100356,Affiliate,2025-05-10,5,Table Games,Mobile Web,17,30,-8.19
S001682,P100356,Affiliate,2025-05-11,6,Live Dealer,Android App,4,3,4.15
S001683,P100356,Affiliate,2025-05-12,7,Bingo,Android App,13,28,-50.35
S001684,P100356,Affiliate,2025-05-26,21,Sportsbook,Mobile Web,7,9,31.7
S001685,P100356,Affiliate,2025-05-27,22,Sportsbook,Android App,18,38,138.35
S001686,P100356,Affiliate,2025-05-29,24,Bingo,iOS App,32,23,15.36
S001687,P100357,Paid Search,2025-05-20,0,Bingo,iOS App,27,81,-318.16
S001688,P100358,Paid Search,2025-03-31,0,Sportsbook,Desktop,21,29,21.35
S001689,P100358,Paid Search,2025-04-01,1,Slots,Desktop,50,39,95.49
S001690,P100358,Paid Search,2025-04-09,9,Slots,iOS App,31,83,277.04
S001691,P100358,Paid Search,2025-04-14,14,Table Games,Desktop,37,87,-165.23
S001692,P100358,Paid Search,2025-04-15,15,Bingo,Desktop,18,15,-8.27
S001693,P100358,Paid Search,2025-04-18,18,Live Dealer,Mobile Web,24,45,-222.21
S001694,P100358,Paid Search,2025-04-23,23,Sportsbook,iOS App,24,57,44.38
S001695,P100358,Paid Search,2025-05-01,31,Sportsbook,iOS App,7,5,3.71
S001696,P100359,Paid Social,2025-02-09,0,Live Dealer,Mobile Web,16,50,313.22
S001697,P100359,Paid Social,2025-02-10,1,Sportsbook,iOS App,27,59,-213.78
S001698,P100359,Paid Social,2025-02-11,2,Live Dealer,Android App,75,149,141.92
S001699,P100359,Paid Social,2025-02-12,3,Table Games,Android App,44,131,15.57
S001700,P100359,Paid Social,2025-02-26,17,Slots,Desktop,4,5,-8.3
S001701,P100359,Paid Social,2025-02-27,18,Live Dealer,iOS App,30,26,85.06
S001702,P100359,Paid Social,2025-03-02,21,Bingo,Desktop,20,63,170.23
S001703,P100359,Paid Social,2025-03-04,23,Live Dealer,iOS App,15,6,-2.86
S001704,P100359,Paid Social,2025-03-07,26,Slots,iOS App,41,35,24.86
S001705,P100359,Paid Social,2025-03-12,31,Bingo,iOS App,6,14,-44.82
S001706,P100359,Paid Social,2025-03-26,45,Slots,Desktop,16,13,58.4
S001707,P100359,Paid Social,2025-03-28,47,Bingo,Android App,81,128,18.37
S001708,P100359,Paid Social,2025-04-02,52,Slots,Mobile Web,14,44,-101.95
S001709,P100359,Paid Social,2025-04-10,60,Table Games,iOS App,15,35,67.04
S001710,P100359,Paid Social,2025-04-12,62,Sportsbook,Mobile Web,9,14,12.23
S001711,P100360,Paid Social,2025-04-18,0,Live Dealer,Android App,40,82,389.1
S001712,P100360,Paid Social,2025-04-26,8,Table Games,Desktop,15,12,-21.75
S001713,P100360,Paid Social,2025-04-28,10,Sportsbook,Android App,35,84,-164.5
S001714,P100360,Paid Social,2025-05-03,15,Live Dealer,Mobile Web,31,23,74.89
S001715,P100361,Paid Search,2025-01-24,0,Sportsbook,Android App,24,72,-4.23
S001716,P100361,Paid Search,2025-01-25,1,Live Dealer,iOS App,50,66,80.1
S001717,P100362,Paid Social,2025-06-23,0,Sportsbook,Desktop,15,23,6.71
S001718,P100362,Paid Social,2025-06-25,2,Sportsbook,Android App,22,43,25.65
S001719,P100362,Paid Social,2025-06-30,7,Sportsbook,Mobile Web,18,7,-9.55
S001720,P100362,Paid Social,2025-07-14,21,Sportsbook,iOS App,9,28,9.1
S001721,P100362,Paid Social,2025-07-19,26,Table Games,Desktop,6,8,19.17
S001722,P100362,Paid Social,2025-07-27,34,Bingo,iOS App,36,108,87.84
S001723,P100362,Paid Social,2025-07-29,36,Sportsbook,Mobile Web,33,85,126.38
S001724,P100363,Paid Search,2025-04-06,0,Table Games,Android App,14,11,51.49
S001725,P100363,Paid Search,2025-04-08,2,Live Dealer,iOS App,28,21,5.41
S001726,P100363,Paid Search,2025-04-09,3,Bingo,iOS App,6,4,-17.0
S001727,P100364,Organic,2025-05-17,0,Table Games,Android App,30,42,-26.13
S001728,P100365,Organic,2025-03-22,0,Live Dealer,Mobile Web,41,62,-104.45
S001729,P100365,Organic,2025-03-24,2,Bingo,Mobile Web,15,24,31.2
S001730,P100365,Organic,2025-03-27,5,Sportsbook,Android App,8,14,75.87
S001731,P100365,Organic,2025-03-29,7,Slots,Desktop,60,41,-255.0
S001732,P100366,Retail Crossover,2025-02-14,0,Table Games,Mobile Web,30,25,-117.94
S001733,P100367,Paid Search,2025-05-25,0,Sportsbook,iOS App,24,43,1.08
S001734,P100368,Affiliate,2025-05-01,0,Sportsbook,Mobile Web,42,41,35.48
S001735,P100368,Affiliate,2025-05-02,1,Live Dealer,Android App,41,45,203.3
S001736,P100368,Affiliate,2025-05-03,2,Table Games,Android App,4,5,7.74
S001737,P100369,Retail Crossover,2025-05-20,0,Slots,Mobile Web,11,5,-7.19
S001738,P100369,Retail Crossover,2025-05-25,5,Table Games,Android App,21,30,38.31
S001739,P100369,Retail Crossover,2025-05-27,7,Bingo,iOS App,64,81,234.47
S001740,P100369,Retail Crossover,2025-05-28,8,Live Dealer,Desktop,48,49,-271.78
S001741,P100369,Retail Crossover,2025-05-31,11,Live Dealer,Desktop,47,130,-67.22
S001742,P100369,Retail Crossover,2025-06-02,13,Sportsbook,Mobile Web,14,34,3.11
S001743,P100370,Retail Crossover,2025-06-24,0,Live Dealer,Android App,19,14,81.76
S001744,P100371,Retail Crossover,2025-01-20,0,Live Dealer,Mobile Web,15,38,-105.11
S001745,P100371,Retail Crossover,2025-01-25,5,Slots,Mobile Web,10,8,27.91
S001746,P100372,Paid Social,2025-01-24,0,Bingo,iOS App,9,11,-49.57
S001747,P100372,Paid Social,2025-02-07,14,Bingo,iOS App,9,18,-83.92
S001748,P100372,Paid Social,2025-02-21,28,Live Dealer,Mobile Web,21,26,181.82
S001749,P100373,Organic,2025-05-28,0,Live Dealer,iOS App,15,10,0.43
S001750,P100373,Organic,2025-05-29,1,Bingo,Android App,14,25,-100.89
S001751,P100373,Organic,2025-06-01,4,Sportsbook,Desktop,14,34,122.7
S001752,P100373,Organic,2025-06-09,12,Sportsbook,Mobile Web,12,4,13.21
S001753,P100373,Organic,2025-06-17,20,Live Dealer,Mobile Web,43,91,-36.41
S001754,P100373,Organic,2025-06-22,25,Sportsbook,Android App,51,127,17.13
S001755,P100373,Organic,2025-07-06,39,Sportsbook,Android App,35,82,-97.12
S001756,P100374,Paid Search,2025-03-26,0,Bingo,iOS App,32,17,-71.37
S001757,P100375,Retail Crossover,2025-06-20,0,Slots,Android App,24,51,54.06
S001758,P100376,Affiliate,2025-04-18,0,Bingo,iOS App,17,25,5.92
S001759,P100376,Affiliate,2025-04-19,1,Bingo,Android App,14,18,-57.23
S001760,P100376,Affiliate,2025-04-20,2,Sportsbook,Mobile Web,3,1,2.16
S001761,P100376,Affiliate,2025-04-23,5,Live Dealer,Desktop,5,9,-1.23
S001762,P100376,Affiliate,2025-05-01,13,Sportsbook,Mobile Web,67,180,594.88
S001763,P100376,Affiliate,2025-05-02,14,Slots,iOS App,20,51,-65.14
S001764,P100376,Affiliate,2025-05-07,19,Table Games,Mobile Web,25,44,103.57
S001765,P100376,Affiliate,2025-05-08,20,Live Dealer,iOS App,22,22,88.95
S001766,P100376,Affiliate,2025-05-22,34,Sportsbook,Desktop,21,15,29.23
S001767,P100376,Affiliate,2025-05-30,42,Live Dealer,Android App,14,29,148.81
S001768,P100376,Affiliate,2025-06-01,44,Sportsbook,Android App,11,8,57.51
S001769,P100376,Affiliate,2025-06-15,58,Table Games,Android App,33,52,-17.77
S001770,P100376,Affiliate,2025-06-20,63,Slots,Mobile Web,14,31,-1.56
S001771,P100376,Affiliate,2025-06-28,71,Table Games,Android App,25,17,-7.91
S001772,P100376,Affiliate,2025-07-06,79,Live Dealer,Mobile Web,7,15,-45.53
S001773,P100376,Affiliate,2025-07-20,93,Table Games,Desktop,23,62,-13.75
S001774,P100376,Affiliate,2025-07-28,101,Live Dealer,Mobile Web,24,71,7.03
S001775,P100376,Affiliate,2025-08-11,115,Sportsbook,Mobile Web,5,5,-10.48
S001776,P100376,Affiliate,2025-08-12,116,Sportsbook,Desktop,42,63,-149.07
S001777,P100376,Affiliate,2025-08-14,118,Bingo,Desktop,15,32,-138.49
S001778,P100376,Affiliate,2025-08-22,126,Table Games,iOS App,10,9,-8.46
S001779,P100376,Affiliate,2025-08-23,127,Table Games,iOS App,20,22,-30.33
S001780,P100376,Affiliate,2025-08-24,128,Sportsbook,iOS App,34,92,-58.72
S001781,P100376,Affiliate,2025-08-25,129,Sportsbook,Desktop,38,77,-164.63
S001782,P100376,Affiliate,2025-08-30,134,Bingo,Android App,23,60,-152.14
S001783,P100376,Affiliate,2025-09-02,137,Table Games,iOS App,31,92,6.21
S001784,P100376,Affiliate,2025-09-03,138,Sportsbook,Mobile Web,25,43,-12.75
S001785,P100376,Affiliate,2025-09-11,146,Table Games,Desktop,22,31,-59.35
S001786,P100376,Affiliate,2025-09-19,154,Table Games,iOS App,45,95,501.54
S001787,P100377,Paid Social,2025-03-05,0,Sportsbook,iOS App,7,6,7.76
S001788,P100377,Paid Social,2025-03-06,1,Live Dealer,Android App,17,47,-11.57
S001789,P100377,Paid Social,2025-03-11,6,Table Games,Android App,29,59,-57.24
S001790,P100377,Paid Social,2025-03-25,20,Slots,Mobile Web,29,55,20.4
S001791,P100377,Paid Social,2025-03-27,22,Live Dealer,Mobile Web,8,25,47.93
S001792,P100377,Paid Social,2025-03-29,24,Slots,Mobile Web,42,115,690.0
S001793,P100378,Organic,2025-06-03,0,Table Games,Mobile Web,33,43,100.88
S001794,P100378,Organic,2025-06-06,3,Sportsbook,Desktop,47,126,597.68
S001795,P100378,Organic,2025-06-08,5,Live Dealer,Mobile Web,21,28,27.66
S001796,P100378,Organic,2025-06-09,6,Table Games,Mobile Web,43,35,-211.08
S001797,P100379,Organic,2025-01-27,0,Table Games,Mobile Web,30,71,-150.79
S001798,P100380,Paid Social,2025-05-02,0,Bingo,Mobile Web,4,5,-4.45
S001799,P100380,Paid Social,2025-05-04,2,Live Dealer,iOS App,16,7,6.56
S001800,P100380,Paid Social,2025-05-07,5,Live Dealer,Mobile Web,107,66,-150.85
S001801,P100380,Paid Social,2025-05-09,7,Live Dealer,Mobile Web,10,6,-1.96
S001802,P100380,Paid Social,2025-05-12,10,Bingo,Android App,25,18,29.77
S001803,P100380,Paid Social,2025-05-20,18,Sportsbook,Android App,5,3,2.86
S001804,P100380,Paid Social,2025-05-28,26,Slots,Android App,16,12,2.97
S001805,P100380,Paid Social,2025-06-05,34,Table Games,iOS App,38,45,37.96
S001806,P100380,Paid Social,2025-06-06,35,Table Games,Desktop,20,41,3.12
S001807,P100380,Paid Social,2025-06-07,36,Sportsbook,iOS App,19,60,-19.0
S001808,P100380,Paid Social,2025-06-08,37,Slots,iOS App,29,26,31.14
S001809,P100380,Paid Social,2025-06-13,42,Live Dealer,iOS App,22,29,115.39
S001810,P100380,Paid Social,2025-06-18,47,Live Dealer,Android App,36,76,-226.35
S001811,P100380,Paid Social,2025-06-19,48,Slots,Android App,31,46,-324.82
S001812,P100380,Paid Social,2025-06-21,50,Live Dealer,Desktop,6,14,-89.98
S001813,P100381,Paid Search,2025-01-31,0,Bingo,iOS App,20,35,2.13
S001814,P100381,Paid Search,2025-02-02,2,Live Dealer,iOS App,19,35,53.79
S001815,P100381,Paid Search,2025-02-03,3,Live Dealer,Android App,51,57,126.0
S001816,P100381,Paid Search,2025-02-08,8,Bingo,Desktop,9,19,53.11
S001817,P100381,Paid Search,2025-02-09,9,Table Games,Mobile Web,18,15,-18.76
S001818,P100381,Paid Search,2025-02-10,10,Bingo,Mobile Web,36,80,46.61
S001819,P100381,Paid Search,2025-02-12,12,Bingo,iOS App,16,29,1.79
S001820,P100381,Paid Search,2025-02-13,13,Slots,iOS App,21,64,23.2
S001821,P100381,Paid Search,2025-02-21,21,Live Dealer,iOS App,27,19,-15.05
S001822,P100381,Paid Search,2025-03-01,29,Bingo,Mobile Web,3,7,-27.43
S001823,P100381,Paid Search,2025-03-02,30,Sportsbook,Desktop,16,38,-105.14
S001824,P100381,Paid Search,2025-03-03,31,Slots,Mobile Web,16,10,-20.5
S001825,P100381,Paid Search,2025-03-11,39,Table Games,Android App,61,80,102.61
S001826,P100381,Paid Search,2025-03-14,42,Live Dealer,Desktop,20,61,163.84
S001827,P100381,Paid Search,2025-03-15,43,Slots,iOS App,30,27,-29.96
S001828,P100381,Paid Search,2025-03-16,44,Sportsbook,Desktop,15,47,18.35
S001829,P100381,Paid Search,2025-03-17,45,Table Games,iOS App,7,13,7.99
S001830,P100381,Paid Search,2025-03-18,46,Sportsbook,Android App,9,5,-43.24
S001831,P100381,Paid Search,2025-03-21,49,Slots,Desktop,35,111,552.62
S001832,P100381,Paid Search,2025-03-26,54,Live Dealer,Mobile Web,7,12,-23.63
S001833,P100381,Paid Search,2025-04-03,62,Bingo,Mobile Web,7,15,-27.68
S001834,P100381,Paid Search,2025-04-06,65,Table Games,Mobile Web,25,61,-57.2
S001835,P100382,Paid Search,2025-03-09,0,Bingo,Mobile Web,28,59,-188.08
S001836,P100382,Paid Search,2025-03-12,3,Slots,Desktop,24,29,125.41
S001837,P100382,Paid Search,2025-03-13,4,Bingo,iOS App,35,47,77.54
S001838,P100383,Paid Social,2025-03-15,0,Bingo,Desktop,48,45,-104.18
S001839,P100384,Paid Social,2025-04-12,0,Sportsbook,Desktop,16,43,-182.23
S001840,P100384,Paid Social,2025-04-14,2,Sportsbook,Desktop,43,65,59.64
S001841,P100384,Paid Social,2025-04-16,4,Bingo,Android App,18,47,62.01
S001842,P100384,Paid Social,2025-04-30,18,Table Games,iOS App,14,41,65.37
S001843,P100384,Paid Social,2025-05-01,19,Sportsbook,Android App,25,45,15.48
S001844,P100384,Paid Social,2025-05-02,20,Sportsbook,Mobile Web,10,17,-89.7
S001845,P100384,Paid Social,2025-05-10,28,Table Games,Mobile Web,37,80,-17.66
S001846,P100384,Paid Social,2025-05-11,29,Table Games,Mobile Web,14,29,-114.6
S001847,P100384,Paid Social,2025-05-14,32,Slots,Android App,55,154,871.32
S001848,P100384,Paid Social,2025-05-17,35,Slots,Mobile Web,29,14,-7.22
S001849,P100385,Organic,2025-03-05,0,Slots,iOS App,13,31,58.91
S001850,P100385,Organic,2025-03-10,5,Sportsbook,Mobile Web,15,13,-0.3
S001851,P100385,Organic,2025-03-11,6,Bingo,Mobile Web,8,8,22.19
S001852,P100385,Organic,2025-03-12,7,Sportsbook,Desktop,9,27,214.55
S001853,P100386,Affiliate,2025-06-09,0,Table Games,Android App,17,47,12.77
S001854,P100386,Affiliate,2025-06-14,5,Slots,Desktop,12,21,-97.87
S001855,P100386,Affiliate,2025-06-28,19,Live Dealer,Android App,31,16,-12.69
S001856,P100386,Affiliate,2025-07-12,33,Live Dealer,Desktop,10,6,-0.6
S001857,P100386,Affiliate,2025-07-14,35,Live Dealer,iOS App,5,8,-18.14
S001858,P100387,Organic,2025-06-22,0,Table Games,Android App,15,42,94.71
S001859,P100388,Paid Social,2025-02-14,0,Sportsbook,Mobile Web,13,37,136.51
S001860,P100389,Affiliate,2025-03-26,0,Live Dealer,Desktop,10,12,10.61
S001861,P100389,Affiliate,2025-04-03,8,Slots,Desktop,47,42,-49.26
S001862,P100389,Affiliate,2025-04-05,10,Bingo,Desktop,5,3,10.97
S001863,P100390,Paid Search,2025-05-02,0,Slots,iOS App,24,35,20.03
S001864,P100391,Retail Crossover,2025-02-24,0,Slots,Desktop,9,13,-30.36
S001865,P100391,Retail Crossover,2025-02-26,2,Table Games,Mobile Web,15,45,-124.56
S001866,P100391,Retail Crossover,2025-03-03,7,Table Games,Mobile Web,22,24,-79.99
S001867,P100391,Retail Crossover,2025-03-06,10,Slots,Desktop,8,20,-70.34
S001868,P100392,Affiliate,2025-03-31,0,Table Games,Desktop,23,65,-201.5
S001869,P100392,Affiliate,2025-04-05,5,Live Dealer,iOS App,33,88,424.56
S001870,P100392,Affiliate,2025-04-07,7,Table Games,Android App,25,55,78.07
S001871,P100392,Affiliate,2025-04-09,9,Slots,Desktop,57,109,29.24
S001872,P100392,Affiliate,2025-04-14,14,Sportsbook,Mobile Web,25,62,162.83
S001873,P100392,Affiliate,2025-04-28,28,Slots,Mobile Web,23,49,-88.07
S001874,P100392,Affiliate,2025-04-29,29,Slots,iOS App,16,31,-23.85
S001875,P100392,Affiliate,2025-05-02,32,Slots,Mobile Web,20,54,19.53
S001876,P100392,Affiliate,2025-05-04,34,Table Games,Android App,20,37,60.15
S001877,P100392,Affiliate,2025-05-09,39,Live Dealer,iOS App,21,59,380.57
S001878,P100393,Paid Search,2025-04-17,0,Slots,iOS App,24,70,60.77
S001879,P100394,Organic,2025-06-21,0,Slots,Mobile Web,26,34,-7.75
S001880,P100394,Organic,2025-06-22,1,Sportsbook,Android App,4,4,-0.6
S001881,P100394,Organic,2025-06-23,2,Sportsbook,Android App,23,53,290.67
S001882,P100394,Organic,2025-06-24,3,Slots,Mobile Web,6,9,-43.49
S001883,P100394,Organic,2025-06-29,8,Sportsbook,Desktop,31,72,87.01
S001884,P100395,Organic,2025-03-20,0,Slots,Mobile Web,26,72,264.95
S001885,P100395,Organic,2025-03-21,1,Bingo,Mobile Web,13,6,1.25
S001886,P100396,Retail Crossover,2025-01-28,0,Live Dealer,Mobile Web,45,26,78.88
S001887,P100396,Retail Crossover,2025-01-29,1,Sportsbook,Desktop,31,29,-179.3
S001888,P100397,Paid Search,2025-06-14,0,Sportsbook,iOS App,20,56,132.31
S001889,P100397,Paid Search,2025-06-19,5,Sportsbook,iOS App,31,42,-280.85
S001890,P100397,Paid Search,2025-06-27,13,Table Games,iOS App,21,28,-45.07
S001891,P100397,Paid Search,2025-07-05,21,Slots,Mobile Web,9,4,15.61
S001892,P100397,Paid Search,2025-07-19,35,Bingo,Mobile Web,114,295,59.76
S001893,P100398,Paid Social,2025-03-03,0,Bingo,Desktop,100,88,495.73
S001894,P100399,Paid Social,2025-06-05,0,Live Dealer,Mobile Web,18,52,-38.25
S001895,P100399,Paid Social,2025-06-13,8,Bingo,Mobile Web,9,4,-11.94
S001896,P100399,Paid Social,2025-06-16,11,Sportsbook,iOS App,8,6,30.49
S001897,P100399,Paid Social,2025-06-30,25,Bingo,Mobile Web,11,12,-0.12
S001898,P100400,Paid Social,2025-02-04,0,Live Dealer,iOS App,19,52,-82.69
S001899,P100400,Paid Social,2025-02-09,5,Slots,Desktop,6,10,-7.0
S001900,P100400,Paid Social,2025-02-12,8,Sportsbook,Desktop,33,72,27.1
S001901,P100401,Organic,2025-05-05,0,Bingo,Desktop,27,81,390.07
S001902,P100401,Organic,2025-05-08,3,Table Games,iOS App,45,102,266.27
S001903,P100401,Organic,2025-05-09,4,Bingo,Android App,18,26,36.31
S001904,P100401,Organic,2025-05-10,5,Sportsbook,Desktop,46,70,-206.37
S001905,P100401,Organic,2025-05-13,8,Slots,Mobile Web,27,43,-85.2
S001906,P100401,Organic,2025-05-16,11,Table Games,Android App,23,26,-115.75
S001907,P100401,Organic,2025-05-21,16,Bingo,Mobile Web,37,35,-17.11
S001908,P100401,Organic,2025-05-22,17,Table Games,Android App,11,34,-2.06
S001909,P100401,Organic,2025-05-25,20,Bingo,Desktop,66,113,56.64
S001910,P100401,Organic,2025-05-28,23,Live Dealer,Android App,7,12,-0.67
S001911,P100401,Organic,2025-06-05,31,Table Games,Desktop,33,94,-22.58
S001912,P100402,Paid Social,2025-06-19,0,Bingo,iOS App,14,34,66.51
S001913,P100403,Retail Crossover,2025-06-25,0,Bingo,Mobile Web,11,7,-45.99
S001914,P100403,Retail Crossover,2025-06-30,5,Live Dealer,iOS App,16,26,16.62
S001915,P100403,Retail Crossover,2025-07-08,13,Live Dealer,Mobile Web,31,18,67.87
S001916,P100404,Affiliate,2025-01-16,0,Table Games,Android App,12,24,-99.03
S001917,P100405,Paid Social,2025-06-04,0,Table Games,Desktop,70,49,117.49
S001918,P100405,Paid Social,2025-06-05,1,Slots,Android App,76,139,263.38
S001919,P100405,Paid Social,2025-06-06,2,Table Games,iOS App,9,15,11.91
S001920,P100405,Paid Social,2025-06-14,10,Sportsbook,Desktop,38,65,-11.75
S001921,P100405,Paid Social,2025-06-19,15,Bingo,Mobile Web,33,62,-38.22
S001922,P100406,Paid Social,2025-04-10,0,Sportsbook,Android App,6,7,1.65
S001923,P100406,Paid Social,2025-04-15,5,Sportsbook,iOS App,14,27,-63.01
S001924,P100406,Paid Social,2025-04-17,7,Live Dealer,Android App,21,35,158.79
S001925,P100407,Retail Crossover,2025-06-05,0,Bingo,Android App,27,76,921.47
S001926,P100407,Retail Crossover,2025-06-06,1,Bingo,Android App,26,32,-232.38
S001927,P100407,Retail Crossover,2025-06-08,3,Live Dealer,iOS App,32,79,202.15
S001928,P100408,Affiliate,2025-05-15,0,Sportsbook,iOS App,56,66,192.67
S001929,P100409,Affiliate,2025-04-22,0,Sportsbook,Android App,172,329,-301.33
S001930,P100409,Affiliate,2025-04-25,3,Slots,Mobile Web,18,37,10.06
S001931,P100409,Affiliate,2025-05-09,17,Sportsbook,iOS App,14,32,-15.26
S001932,P100409,Affiliate,2025-05-10,18,Sportsbook,iOS App,45,57,-61.44
S001933,P100409,Affiliate,2025-05-18,26,Live Dealer,Android App,22,45,-186.89
S001934,P100409,Affiliate,2025-06-01,40,Bingo,Desktop,6,10,30.54
S001935,P100409,Affiliate,2025-06-02,41,Table Games,iOS App,24,64,-207.77
S001936,P100409,Affiliate,2025-06-10,49,Sportsbook,iOS App,6,10,-3.99
S001937,P100409,Affiliate,2025-06-11,50,Slots,Desktop,7,11,9.48
S001938,P100409,Affiliate,2025-06-16,55,Table Games,iOS App,24,52,-128.64
S001939,P100409,Affiliate,2025-06-24,63,Slots,Android App,14,21,114.3
S001940,P100409,Affiliate,2025-07-08,77,Sportsbook,Desktop,6,7,-5.52
S001941,P100409,Affiliate,2025-07-22,91,Slots,Desktop,29,65,-475.54
S001942,P100409,Affiliate,2025-07-27,96,Bingo,Android App,10,25,73.21
S001943,P100409,Affiliate,2025-08-10,110,Live Dealer,Desktop,32,56,14.27
S001944,P100409,Affiliate,2025-08-24,124,Bingo,Android App,5,5,-6.0
S001945,P100409,Affiliate,2025-08-29,129,Bingo,iOS App,17,19,9.31
S001946,P100409,Affiliate,2025-09-01,132,Sportsbook,iOS App,21,53,-57.62
S001947,P100409,Affiliate,2025-09-03,134,Bingo,Android App,20,63,-19.9
S001948,P100409,Affiliate,2025-09-08,139,Sportsbook,Mobile Web,66,181,-296.62
S001949,P100409,Affiliate,2025-09-13,144,Sportsbook,Mobile Web,23,34,174.58
S001950,P100409,Affiliate,2025-09-18,149,Live Dealer,Mobile Web,8,20,-36.02
S001951,P100409,Affiliate,2025-09-26,157,Live Dealer,Desktop,5,6,14.63
S001952,P100409,Affiliate,2025-10-04,165,Slots,iOS App,96,273,-16.92
S001953,P100409,Affiliate,2025-10-09,170,Table Games,Android App,22,12,6.97
S001954,P100409,Affiliate,2025-10-12,173,Bingo,Android App,26,58,209.9
S001955,P100409,Affiliate,2025-10-17,178,Sportsbook,Android App,22,10,-1.88
S001956,P100409,Affiliate,2025-10-19,180,Live Dealer,Desktop,10,11,-19.66
S001957,P100409,Affiliate,2025-10-22,183,Table Games,Android App,53,143,222.59
S001958,P100409,Affiliate,2025-11-05,197,Sportsbook,Mobile Web,4,12,-31.5
S001959,P100409,Affiliate,2025-11-06,198,Table Games,Mobile Web,4,2,3.73
S001960,P100409,Affiliate,2025-11-07,199,Table Games,Desktop,6,14,8.24
S001961,P100409,Affiliate,2025-11-08,200,Sportsbook,Desktop,16,40,-62.88
S001962,P100409,Affiliate,2025-11-10,202,Sportsbook,iOS App,19,59,241.93
S001963,P100409,Affiliate,2025-11-18,210,Table Games,Mobile Web,8,18,18.56
S001964,P100409,Affiliate,2025-11-23,215,Table Games,Android App,39,114,-317.9
S001965,P100409,Affiliate,2025-11-28,220,Table Games,iOS App,38,72,13.86
S001966,P100409,Affiliate,2025-12-03,225,Slots,Android App,7,15,22.57
S001967,P100409,Affiliate,2025-12-04,226,Sportsbook,Mobile Web,74,65,98.59
S001968,P100409,Affiliate,2025-12-12,234,Slots,iOS App,34,99,-5.95
S001969,P100409,Affiliate,2025-12-20,242,Live Dealer,Mobile Web,29,82,90.6
S001970,P100409,Affiliate,2025-12-23,245,Live Dealer,Android App,35,110,490.7
S001971,P100409,Affiliate,2026-01-06,259,Bingo,Desktop,35,47,213.11
S001972,P100410,Affiliate,2025-03-02,0,Slots,Android App,23,15,-8.15
S001973,P100410,Affiliate,2025-03-04,2,Table Games,Desktop,22,20,-45.06
S001974,P100411,Organic,2025-05-11,0,Slots,Mobile Web,7,8,1.02
S001975,P100411,Organic,2025-05-12,1,Sportsbook,Mobile Web,149,95,290.52
S001976,P100412,Paid Search,2025-05-31,0,Table Games,Android App,18,21,-205.29
S001977,P100412,Paid Search,2025-06-01,1,Bingo,Mobile Web,10,22,16.62
S001978,P100412,Paid Search,2025-06-03,3,Table Games,Android App,24,67,-39.16
S001979,P100412,Paid Search,2025-06-17,17,Bingo,Mobile Web,8,21,-75.66
S001980,P100412,Paid Search,2025-06-22,22,Live Dealer,Mobile Web,5,11,10.04
S001981,P100412,Paid Search,2025-06-30,30,Bingo,Android App,30,34,46.13
S001982,P100413,Paid Search,2025-03-06,0,Bingo,iOS App,24,10,-5.22
S001983,P100414,Affiliate,2025-02-11,0,Slots,Desktop,8,8,10.42
S001984,P100414,Affiliate,2025-02-14,3,Table Games,Mobile Web,35,68,-79.51
S001985,P100414,Affiliate,2025-02-15,4,Slots,Mobile Web,10,15,2.33
S001986,P100415,Paid Social,2025-06-08,0,Table Games,Desktop,14,43,85.16
S001987,P100415,Paid Social,2025-06-09,1,Slots,Desktop,16,23,-13.36
S001988,P100415,Paid Social,2025-06-12,4,Bingo,Mobile Web,14,22,29.22
S001989,P100416,Affiliate,2025-01-24,0,Sportsbook,Desktop,35,70,-153.33
S001990,P100416,Affiliate,2025-01-25,1,Sportsbook,iOS App,9,19,12.56
S001991,P100416,Affiliate,2025-01-30,6,Slots,Android App,21,66,-8.59
S001992,P100416,Affiliate,2025-01-31,7,Table Games,iOS App,42,89,-73.94
S001993,P100416,Affiliate,2025-02-01,8,Live Dealer,Mobile Web,48,84,98.57
S001994,P100416,Affiliate,2025-02-09,16,Slots,Desktop,4,9,-19.38
S001995,P100416,Affiliate,2025-02-10,17,Live Dealer,Mobile Web,33,54,2.15
S001996,P100416,Affiliate,2025-02-24,31,Table Games,Mobile Web,15,15,29.61
S001997,P100416,Affiliate,2025-02-25,32,Table Games,Desktop,21,10,2.12
S001998,P100416,Affiliate,2025-02-28,35,Sportsbook,Mobile Web,15,11,-25.29
S001999,P100416,Affiliate,2025-03-03,38,Bingo,iOS App,23,59,-163.3
S002000,P100416,Affiliate,2025-03-17,52,Sportsbook,iOS App,14,40,-10.67
S002001,P100416,Affiliate,2025-03-25,60,Table Games,iOS App,5,11,-12.0
S002002,P100416,Affiliate,2025-04-02,68,Live Dealer,iOS App,20,20,-16.04
S002003,P100416,Affiliate,2025-04-04,70,Slots,iOS App,25,28,16.99
S002004,P100416,Affiliate,2025-04-12,78,Table Games,Desktop,10,12,-8.59
S002005,P100416,Affiliate,2025-04-15,81,Sportsbook,iOS App,5,15,-47.3
S002006,P100417,Retail Crossover,2025-04-01,0,Slots,Desktop,17,34,-30.77
S002007,P100417,Retail Crossover,2025-04-06,5,Live Dealer,iOS App,36,87,40.29
S002008,P100417,Retail Crossover,2025-04-14,13,Table Games,iOS App,13,20,-7.28
S002009,P100418,Paid Social,2025-06-02,0,Live Dealer,Android App,5,4,-2.62
S002010,P100418,Paid Social,2025-06-10,8,Slots,iOS App,14,11,-22.98
S002011,P100418,Paid Social,2025-06-12,10,Table Games,iOS App,16,23,-147.68
S002012,P100418,Paid Social,2025-06-14,12,Table Games,Android App,48,114,182.71
S002013,P100419,Retail Crossover,2025-02-21,0,Bingo,Mobile Web,119,361,1145.69
S002014,P100419,Retail Crossover,2025-02-22,1,Bingo,iOS App,9,13,27.74
S002015,P100419,Retail Crossover,2025-02-23,2,Table Games,Android App,10,27,-46.62
S002016,P100419,Retail Crossover,2025-03-03,10,Sportsbook,Mobile Web,4,5,5.99
S002017,P100419,Retail Crossover,2025-03-04,11,Sportsbook,Android App,14,15,-1.61
S002018,P100419,Retail Crossover,2025-03-12,19,Live Dealer,Mobile Web,19,31,128.92
S002019,P100419,Retail Crossover,2025-03-13,20,Table Games,Android App,21,40,-13.57
S002020,P100419,Retail Crossover,2025-03-21,28,Live Dealer,Android App,5,8,12.87
S002021,P100419,Retail Crossover,2025-03-22,29,Slots,Android App,4,1,0.85
S002022,P100419,Retail Crossover,2025-03-23,30,Slots,Desktop,10,22,-22.94
S002023,P100419,Retail Crossover,2025-03-26,33,Bingo,Mobile Web,43,102,-218.18
S002024,P100419,Retail Crossover,2025-03-28,35,Live Dealer,iOS App,15,33,-67.94
S002025,P100419,Retail Crossover,2025-03-31,38,Table Games,Mobile Web,9,8,-6.86
S002026,P100419,Retail Crossover,2025-04-02,40,Table Games,Desktop,17,13,-37.3
S002027,P100419,Retail Crossover,2025-04-04,42,Bingo,iOS App,8,13,72.38
S002028,P100419,Retail Crossover,2025-04-09,47,Live Dealer,Desktop,21,51,-40.02
S002029,P100419,Retail Crossover,2025-04-10,48,Table Games,Android App,16,13,21.27
S002030,P100420,Paid Search,2025-05-20,0,Bingo,Android App,100,92,-76.94
S002031,P100421,Organic,2025-06-24,0,Bingo,Mobile Web,21,23,46.25
S002032,P100422,Organic,2025-05-22,0,Bingo,iOS App,17,15,5.37
S002033,P100422,Organic,2025-05-23,1,Sportsbook,Desktop,7,16,12.18
S002034,P100423,Paid Social,2025-06-15,0,Sportsbook,Android App,15,45,3.43
S002035,P100423,Paid Social,2025-06-16,1,Bingo,Mobile Web,7,22,-33.08
S002036,P100423,Paid Social,2025-06-19,4,Sportsbook,Desktop,17,11,-37.67
S002037,P100423,Paid Social,2025-06-20,5,Live Dealer,Android App,30,47,261.46
S002038,P100424,Organic,2025-01-28,0,Sportsbook,Desktop,52,105,52.94
S002039,P100425,Paid Social,2025-05-21,0,Table Games,iOS App,43,41,44.26
S002040,P100425,Paid Social,2025-05-22,1,Sportsbook,Android App,9,8,49.98
S002041,P100425,Paid Social,2025-05-25,4,Bingo,Desktop,56,81,-196.41
S002042,P100425,Paid Social,2025-05-30,9,Live Dealer,Desktop,65,133,41.27
S002043,P100425,Paid Social,2025-05-31,10,Sportsbook,Mobile Web,19,21,21.9
S002044,P100425,Paid Social,2025-06-02,12,Slots,Android App,8,19,23.26
S002045,P100425,Paid Social,2025-06-10,20,Bingo,Android App,15,22,75.55
S002046,P100425,Paid Social,2025-06-12,22,Table Games,Mobile Web,24,19,-79.07
S002047,P100425,Paid Social,2025-06-20,30,Slots,Desktop,27,77,226.89
S002048,P100425,Paid Social,2025-06-22,32,Table Games,Desktop,24,30,-61.42
S002049,P100425,Paid Social,2025-06-25,35,Sportsbook,Desktop,40,99,-849.81
S002050,P100425,Paid Social,2025-06-28,38,Sportsbook,Desktop,15,31,70.15
S002051,P100426,Paid Social,2025-04-07,0,Live Dealer,Mobile Web,16,47,190.41
S002052,P100427,Organic,2025-05-16,0,Bingo,Mobile Web,32,65,10.32
S002053,P100428,Paid Social,2025-01-29,0,Sportsbook,Mobile Web,9,21,20.83
S002054,P100428,Paid Social,2025-01-30,1,Live Dealer,Mobile Web,23,72,239.43
S002055,P100429,Paid Social,2025-04-02,0,Sportsbook,Android App,23,29,195.27
S002056,P100429,Paid Social,2025-04-05,3,Table Games,Mobile Web,12,11,21.83
S002057,P100429,Paid Social,2025-04-13,11,Live Dealer,Mobile Web,42,46,161.8
S002058,P100429,Paid Social,2025-04-27,25,Bingo,Mobile Web,18,52,166.15
S002059,P100429,Paid Social,2025-05-05,33,Sportsbook,iOS App,14,35,329.11
S002060,P100429,Paid Social,2025-05-07,35,Sportsbook,Mobile Web,10,12,20.55
S002061,P100430,Organic,2025-03-10,0,Bingo,Mobile Web,9,27,-4.63
S002062,P100431,Paid Social,2025-04-23,0,Live Dealer,Android App,74,97,-64.81
S002063,P100431,Paid Social,2025-04-26,3,Sportsbook,Mobile Web,32,44,26.89
S002064,P100431,Paid Social,2025-04-28,5,Bingo,Mobile Web,66,39,-127.52
S002065,P100432,Organic,2025-04-01,0,Slots,iOS App,33,35,69.38
S002066,P100433,Affiliate,2025-04-18,0,Live Dealer,Android App,12,7,5.91
S002067,P100433,Affiliate,2025-05-02,14,Table Games,Android App,19,32,-126.56
S002068,P100433,Affiliate,2025-05-04,16,Bingo,Android App,7,4,13.06
S002069,P100433,Affiliate,2025-05-05,17,Sportsbook,iOS App,18,39,180.95
S002070,P100433,Affiliate,2025-05-06,18,Bingo,Mobile Web,2,1,0.05
S002071,P100433,Affiliate,2025-05-07,19,Sportsbook,Mobile Web,16,38,57.53
S002072,P100433,Affiliate,2025-05-15,27,Sportsbook,Desktop,37,87,-64.22
S002073,P100433,Affiliate,2025-05-16,28,Live Dealer,Desktop,21,10,-21.23
S002074,P100433,Affiliate,2025-05-21,33,Sportsbook,Mobile Web,30,32,59.28
S002075,P100434,Affiliate,2025-04-02,0,Live Dealer,Desktop,25,56,-11.8
S002076,P100435,Organic,2025-05-09,0,Live Dealer,Desktop,47,50,435.68
S002077,P100436,Paid Social,2025-06-20,0,Live Dealer,iOS App,7,12,-1.03
S002078,P100436,Paid Social,2025-07-04,14,Bingo,Android App,21,50,134.93
S002079,P100436,Paid Social,2025-07-05,15,Bingo,Android App,11,12,-12.34
S002080,P100436,Paid Social,2025-07-13,23,Table Games,Android App,46,47,-224.12
S002081,P100436,Paid Social,2025-07-16,26,Bingo,iOS App,29,56,77.45
S002082,P100437,Affiliate,2025-01-22,0,Sportsbook,Android App,3,8,16.28
S002083,P100438,Retail Crossover,2025-03-25,0,Table Games,Mobile Web,12,6,-32.8
S002084,P100439,Paid Social,2025-06-13,0,Sportsbook,Desktop,29,77,-112.52
S002085,P100439,Paid Social,2025-06-15,2,Table Games,iOS App,22,34,-58.89
S002086,P100439,Paid Social,2025-06-29,16,Table Games,Mobile Web,3,5,2.3
S002087,P100439,Paid Social,2025-06-30,17,Slots,Mobile Web,26,34,-134.94
S002088,P100440,Organic,2025-04-20,0,Slots,Android App,42,68,-51.33
S002089,P100440,Organic,2025-04-21,1,Sportsbook,Desktop,20,52,-5.35
S002090,P100440,Organic,2025-04-23,3,Bingo,Android App,87,241,-93.56
S002091,P100440,Organic,2025-04-24,4,Bingo,Android App,17,41,-122.56
S002092,P100440,Organic,2025-04-25,5,Slots,Mobile Web,47,32,21.84
S002093,P100440,Organic,2025-04-26,6,Slots,iOS App,28,32,25.83
S002094,P100440,Organic,2025-04-27,7,Bingo,Mobile Web,51,158,547.3
S002095,P100441,Retail Crossover,2025-02-24,0,Sportsbook,Desktop,34,96,-293.19
S002096,P100441,Retail Crossover,2025-02-27,3,Bingo,iOS App,54,49,27.66
S002097,P100441,Retail Crossover,2025-03-07,11,Table Games,iOS App,17,9,-9.98
S002098,P100441,Retail Crossover,2025-03-12,16,Table Games,Desktop,73,43,-113.39
S002099,P100441,Retail Crossover,2025-03-14,18,Bingo,Mobile Web,31,72,273.04
S002100,P100441,Retail Crossover,2025-03-28,32,Sportsbook,iOS App,40,41,72.75
S002101,P100441,Retail Crossover,2025-03-30,34,Bingo,Android App,34,36,-194.33
S002102,P100442,Paid Social,2025-06-14,0,Live Dealer,Android App,18,53,-214.96
S002103,P100442,Paid Social,2025-06-16,2,Slots,Android App,21,43,-34.12
S002104,P100443,Paid Search,2025-03-08,0,Sportsbook,iOS App,54,34,-44.27
S002105,P100443,Paid Search,2025-03-09,1,Slots,Mobile Web,9,27,-53.39
S002106,P100443,Paid Search,2025-03-12,4,Bingo,Desktop,22,19,35.29
S002107,P100443,Paid Search,2025-03-20,12,Sportsbook,Android App,25,14,-10.66
S002108,P100443,Paid Search,2025-03-21,13,Slots,iOS App,20,40,49.03
S002109,P100443,Paid Search,2025-03-26,18,Bingo,Mobile Web,127,181,451.64
S002110,P100443,Paid Search,2025-03-28,20,Live Dealer,iOS App,131,83,1001.12
S002111,P100443,Paid Search,2025-03-29,21,Sportsbook,Mobile Web,6,14,83.14
S002112,P100443,Paid Search,2025-03-31,23,Bingo,Desktop,38,114,-245.76
S002113,P100443,Paid Search,2025-04-03,26,Table Games,iOS App,37,61,-59.24
S002114,P100443,Paid Search,2025-04-05,28,Sportsbook,iOS App,63,170,190.31
S002115,P100443,Paid Search,2025-04-07,30,Bingo,Desktop,1,2,6.02
S002116,P100444,Paid Search,2025-02-20,0,Sportsbook,iOS App,15,24,-134.88
S002117,P100444,Paid Search,2025-02-23,3,Live Dealer,Mobile Web,16,7,22.1
S002118,P100444,Paid Search,2025-02-25,5,Live Dealer,Android App,44,121,-56.59
S002119,P100444,Paid Search,2025-03-02,10,Slots,Android App,7,16,47.57
S002120,P100444,Paid Search,2025-03-16,24,Bingo,Mobile Web,12,10,-88.91
S002121,P100444,Paid Search,2025-03-18,26,Sportsbook,Desktop,14,39,-37.24
S002122,P100444,Paid Search,2025-03-19,27,Table Games,iOS App,12,6,-5.99
S002123,P100445,Retail Crossover,2025-01-23,0,Slots,iOS App,75,106,28.74
S002124,P100446,Paid Social,2025-05-20,0,Bingo,iOS App,26,64,77.48
S002125,P100446,Paid Social,2025-06-03,14,Sportsbook,iOS App,54,33,-5.44
S002126,P100446,Paid Social,2025-06-04,15,Sportsbook,Mobile Web,8,13,4.94
S002127,P100446,Paid Social,2025-06-05,16,Table Games,Mobile Web,26,49,-15.1
S002128,P100446,Paid Social,2025-06-13,24,Table Games,Android App,10,28,63.09
S002129,P100447,Affiliate,2025-05-12,0,Live Dealer,Mobile Web,13,6,48.91
S002130,P100447,Affiliate,2025-05-17,5,Sportsbook,iOS App,21,45,186.17
S002131,P100447,Affiliate,2025-05-19,7,Bingo,Android App,9,19,-10.85
S002132,P100447,Affiliate,2025-05-27,15,Slots,iOS App,7,15,-6.66
S002133,P100448,Retail Crossover,2025-04-12,0,Sportsbook,iOS App,23,32,80.54
S002134,P100448,Retail Crossover,2025-04-13,1,Table Games,Mobile Web,28,32,6.66
S002135,P100448,Retail Crossover,2025-04-18,6,Sportsbook,Desktop,11,5,1.57
S002136,P100448,Retail Crossover,2025-04-20,8,Sportsbook,Android App,28,32,-11.54
S002137,P100448,Retail Crossover,2025-04-21,9,Live Dealer,Desktop,9,14,-6.22
S002138,P100448,Retail Crossover,2025-04-24,12,Sportsbook,Desktop,22,9,12.13
S002139,P100449,Retail Crossover,2025-06-29,0,Bingo,Android App,6,3,4.84
S002140,P100449,Retail Crossover,2025-07-01,2,Live Dealer,Mobile Web,6,15,-40.36
S002141,P100449,Retail Crossover,2025-07-04,5,Sportsbook,Desktop,30,22,34.46
S002142,P100449,Retail Crossover,2025-07-18,19,Sportsbook,Android App,39,55,-174.94
S002143,P100449,Retail Crossover,2025-07-20,21,Sportsbook,Mobile Web,10,13,-35.37
S002144,P100449,Retail Crossover,2025-07-21,22,Live Dealer,Desktop,25,47,201.91
S002145,P100449,Retail Crossover,2025-07-29,30,Table Games,Desktop,27,31,-32.12
S002146,P100449,Retail Crossover,2025-07-30,31,Table Games,Android App,5,5,0.81
S002147,P100450,Affiliate,2025-01-15,0,Table Games,Mobile Web,18,39,21.09
S002148,P100451,Paid Search,2025-06-08,0,Live Dealer,Mobile Web,6,18,-54.09
S002149,P100451,Paid Search,2025-06-13,5,Bingo,Mobile Web,8,16,72.04
S002150,P100451,Paid Search,2025-06-16,8,Table Games,Mobile Web,21,39,11.38
S002151,P100451,Paid Search,2025-06-17,9,Table Games,iOS App,8,10,0.21
S002152,P100451,Paid Search,2025-06-18,10,Slots,Mobile Web,17,25,-92.95
S002153,P100451,Paid Search,2025-06-21,13,Sportsbook,Desktop,9,24,-33.71
S002154,P100451,Paid Search,2025-06-29,21,Sportsbook,Desktop,11,16,-5.82
S002155,P100451,Paid Search,2025-07-04,26,Bingo,Android App,29,90,361.53
S002156,P100451,Paid Search,2025-07-12,34,Table Games,Mobile Web,17,8,-0.34
S002157,P100451,Paid Search,2025-07-14,36,Live Dealer,Mobile Web,20,45,25.25
S002158,P100451,Paid Search,2025-07-15,37,Live Dealer,Android App,43,30,23.37
S002159,P100451,Paid Search,2025-07-23,45,Table Games,Mobile Web,21,47,7.86
S002160,P100451,Paid Search,2025-07-24,46,Live Dealer,Mobile Web,14,27,-47.84
S002161,P100452,Affiliate,2025-01-29,0,Table Games,iOS App,41,32,-20.04
S002162,P100453,Affiliate,2025-01-06,0,Bingo,Android App,8,13,9.27
S002163,P100454,Paid Social,2025-05-25,0,Slots,Android App,16,23,64.59
S002164,P100455,Paid Social,2025-01-16,0,Slots,Desktop,27,37,27.78
S002165,P100455,Paid Social,2025-01-19,3,Bingo,iOS App,6,7,2.34
S002166,P100455,Paid Social,2025-01-22,6,Sportsbook,Mobile Web,15,28,-90.67
S002167,P100455,Paid Social,2025-01-23,7,Table Games,Desktop,10,9,5.35
S002168,P100455,Paid Social,2025-01-24,8,Bingo,Mobile Web,59,99,103.18
S002169,P100456,Paid Search,2025-01-31,0,Table Games,Desktop,16,38,47.25
S002170,P100456,Paid Search,2025-02-01,1,Slots,Android App,12,5,70.47
S002171,P100457,Organic,2025-03-30,0,Slots,Desktop,26,31,181.94
S002172,P100458,Paid Search,2025-02-11,0,Table Games,Desktop,23,68,-0.83
S002173,P100458,Paid Search,2025-02-14,3,Live Dealer,Desktop,14,39,-17.71
S002174,P100458,Paid Search,2025-02-28,17,Sportsbook,Android App,17,11,-6.79
S002175,P100458,Paid Search,2025-03-14,31,Table Games,Desktop,44,33,283.4
S002176,P100458,Paid Search,2025-03-28,45,Bingo,iOS App,25,18,-1.89
S002177,P100458,Paid Search,2025-04-11,59,Table Games,Mobile Web,12,11,-0.15
S002178,P100458,Paid Search,2025-04-14,62,Table Games,Mobile Web,39,117,335.15
S002179,P100458,Paid Search,2025-04-15,63,Bingo,Mobile Web,29,31,-110.74
S002180,P100459,Retail Crossover,2025-06-10,0,Sportsbook,Android App,30,72,-75.84
S002181,P100460,Organic,2025-06-17,0,Live Dealer,iOS App,9,4,-1.75
S002182,P100460,Organic,2025-06-25,8,Bingo,Desktop,14,38,24.9
S002183,P100460,Organic,2025-06-26,9,Live Dealer,Mobile Web,19,57,-101.53
S002184,P100460,Organic,2025-06-27,10,Bingo,iOS App,15,35,-69.96
S002185,P100460,Organic,2025-07-11,24,Sportsbook,iOS App,20,35,169.69
S002186,P100460,Organic,2025-07-25,38,Slots,Mobile Web,5,7,-5.56
S002187,P100461,Affiliate,2025-06-06,0,Table Games,Android App,17,46,54.0
S002188,P100461,Affiliate,2025-06-11,5,Slots,Android App,32,30,25.84
S002189,P100461,Affiliate,2025-06-12,6,Sportsbook,iOS App,38,107,-417.75
S002190,P100462,Paid Social,2025-06-15,0,Sportsbook,Desktop,10,29,67.35
S002191,P100462,Paid Social,2025-06-23,8,Live Dealer,Desktop,24,29,52.91
S002192,P100462,Paid Social,2025-07-01,16,Live Dealer,Android App,17,36,270.9
S002193,P100462,Paid Social,2025-07-03,18,Bingo,Android App,19,32,2.03
S002194,P100462,Paid Social,2025-07-06,21,Slots,Mobile Web,38,70,-416.86
S002195,P100462,Paid Social,2025-07-14,29,Slots,Android App,31,34,-15.05
S002196,P100462,Paid Social,2025-07-19,34,Sportsbook,Desktop,33,53,148.15
S002197,P100462,Paid Social,2025-08-02,48,Bingo,iOS App,16,21,16.81
S002198,P100462,Paid Social,2025-08-10,56,Sportsbook,iOS App,23,15,-9.36
S002199,P100462,Paid Social,2025-08-13,59,Live Dealer,iOS App,17,53,-160.88
S002200,P100462,Paid Social,2025-08-27,73,Live Dealer,iOS App,9,5,16.42
S002201,P100462,Paid Social,2025-09-04,81,Slots,Android App,17,28,15.94
S002202,P100462,Paid Social,2025-09-05,82,Live Dealer,Mobile Web,7,9,46.16
S002203,P100462,Paid Social,2025-09-10,87,Bingo,iOS App,32,39,-6.71
S002204,P100462,Paid Social,2025-09-11,88,Bingo,Android App,10,10,25.41
S002205,P100462,Paid Social,2025-09-14,91,Bingo,Mobile Web,20,33,-0.6
S002206,P100462,Paid Social,2025-09-15,92,Sportsbook,Desktop,8,23,-13.59
S002207,P100462,Paid Social,2025-09-17,94,Bingo,iOS App,11,16,10.8
S002208,P100462,Paid Social,2025-09-20,97,Slots,Mobile Web,9,28,-27.83
S002209,P100462,Paid Social,2025-09-21,98,Live Dealer,Android App,46,81,383.21
S002210,P100462,Paid Social,2025-10-05,112,Live Dealer,Android App,16,9,16.57
S002211,P100462,Paid Social,2025-10-13,120,Slots,iOS App,26,14,8.5
S002212,P100462,Paid Social,2025-10-21,128,Slots,Desktop,19,29,-12.74
S002213,P100462,Paid Social,2025-11-04,142,Slots,Android App,17,17,101.24
S002214,P100462,Paid Social,2025-11-07,145,Table Games,Android App,27,26,-11.78
S002215,P100462,Paid Social,2025-11-21,159,Slots,Android App,13,39,-16.66
S002216,P100462,Paid Social,2025-11-26,164,Live Dealer,iOS App,26,17,-13.21
S002217,P100462,Paid Social,2025-11-27,165,Slots,iOS App,3,6,10.32
S002218,P100462,Paid Social,2025-12-05,173,Sportsbook,Desktop,92,119,336.5
S002219,P100462,Paid Social,2025-12-13,181,Live Dealer,Mobile Web,18,47,-72.46
S002220,P100462,Paid Social,2025-12-18,186,Sportsbook,Mobile Web,23,23,-1.05
S002221,P100463,Organic,2025-06-02,0,Sportsbook,iOS App,43,107,512.83
S002222,P100463,Organic,2025-06-05,3,Slots,iOS App,50,32,53.55
S002223,P100463,Organic,2025-06-10,8,Bingo,Desktop,9,21,-0.82
S002224,P100463,Organic,2025-06-11,9,Slots,iOS App,9,21,14.97
S002225,P100463,Organic,2025-06-16,14,Slots,Android App,16,43,159.61
S002226,P100463,Organic,2025-06-24,22,Slots,iOS App,23,24,0.44
S002227,P100463,Organic,2025-06-25,23,Sportsbook,Mobile Web,67,41,-26.83
S002228,P100463,Organic,2025-06-30,28,Slots,iOS App,15,29,141.93
S002229,P100463,Organic,2025-07-01,29,Live Dealer,Android App,29,57,110.65
S002230,P100463,Organic,2025-07-06,34,Sportsbook,Mobile Web,25,22,91.31
S002231,P100464,Paid Social,2025-01-19,0,Table Games,iOS App,25,50,-79.45
S002232,P100464,Paid Social,2025-01-20,1,Bingo,Mobile Web,37,31,-35.14
S002233,P100465,Paid Social,2025-02-06,0,Table Games,Desktop,74,209,-68.67
S002234,P100465,Paid Social,2025-02-07,1,Bingo,iOS App,5,2,0.82
S002235,P100466,Affiliate,2025-06-15,0,Slots,iOS App,14,30,19.02
S002236,P100467,Organic,2025-03-22,0,Live Dealer,iOS App,33,39,-17.7
S002237,P100468,Affiliate,2025-06-04,0,Slots,Mobile Web,12,18,-48.38
S002238,P100468,Affiliate,2025-06-07,3,Sportsbook,iOS App,79,155,190.93
S002239,P100468,Affiliate,2025-06-10,6,Live Dealer,Desktop,12,36,17.31
S002240,P100468,Affiliate,2025-06-11,7,Sportsbook,Android App,11,17,18.74
S002241,P100468,Affiliate,2025-06-14,10,Sportsbook,iOS App,36,72,-184.41
S002242,P100468,Affiliate,2025-06-15,11,Sportsbook,Android App,7,11,-0.91
S002243,P100468,Affiliate,2025-06-16,12,Live Dealer,Mobile Web,17,31,-24.08
S002244,P100468,Affiliate,2025-06-17,13,Slots,iOS App,23,16,-10.74
S002245,P100469,Paid Social,2025-04-25,0,Table Games,iOS App,5,5,5.61
S002246,P100469,Paid Social,2025-04-27,2,Live Dealer,Android App,32,27,-10.96
S002247,P100469,Paid Social,2025-04-29,4,Slots,iOS App,31,64,663.46
S002248,P100469,Paid Social,2025-05-13,18,Bingo,Desktop,14,8,-12.53
S002249,P100469,Paid Social,2025-05-18,23,Sportsbook,Android App,6,6,-2.99
S002250,P100469,Paid Social,2025-05-21,26,Bingo,Android App,39,80,-49.1
S002251,P100469,Paid Social,2025-05-24,29,Table Games,Mobile Web,8,19,-106.36
S002252,P100469,Paid Social,2025-06-01,37,Live Dealer,Mobile Web,24,28,-54.48
S002253,P100469,Paid Social,2025-06-15,51,Slots,iOS App,49,37,-33.05
S002254,P100469,Paid Social,2025-06-17,53,Slots,iOS App,9,23,-1.35
S002255,P100469,Paid Social,2025-06-20,56,Sportsbook,Desktop,18,13,-5.23
S002256,P100469,Paid Social,2025-06-28,64,Live Dealer,Android App,14,41,130.83
S002257,P100469,Paid Social,2025-06-29,65,Bingo,Mobile Web,14,30,-42.77
S002258,P100469,Paid Social,2025-07-07,73,Slots,iOS App,32,55,-11.39
S002259,P100469,Paid Social,2025-07-15,81,Slots,Android App,29,87,-84.91
S002260,P100469,Paid Social,2025-07-16,82,Table Games,Desktop,46,126,-263.57
S002261,P100469,Paid Social,2025-07-30,96,Table Games,Android App,7,13,4.01
S002262,P100469,Paid Social,2025-08-13,110,Sportsbook,Android App,16,48,172.82
S002263,P100469,Paid Social,2025-08-18,115,Slots,Android App,4,4,-11.4
S002264,P100469,Paid Social,2025-08-21,118,Sportsbook,iOS App,19,58,-58.18
S002265,P100469,Paid Social,2025-08-22,119,Slots,Mobile Web,21,39,31.21
S002266,P100469,Paid Social,2025-08-30,127,Table Games,Desktop,22,43,-39.2
S002267,P100469,Paid Social,2025-09-04,132,Live Dealer,Android App,39,36,81.56
S002268,P100469,Paid Social,2025-09-05,133,Bingo,iOS App,34,19,-48.84
S002269,P100469,Paid Social,2025-09-07,135,Slots,Android App,28,18,-5.21
S002270,P100469,Paid Social,2025-09-08,136,Bingo,Mobile Web,35,16,-10.57
S002271,P100469,Paid Social,2025-09-16,144,Live Dealer,Mobile Web,34,83,182.44
S002272,P100469,Paid Social,2025-09-24,152,Sportsbook,iOS App,46,21,-38.09
S002273,P100470,Paid Search,2025-01-09,0,Live Dealer,Desktop,27,34,139.08
S002274,P100470,Paid Search,2025-01-10,1,Sportsbook,iOS App,19,13,7.36
S002275,P100471,Retail Crossover,2025-03-10,0,Bingo,Android App,32,84,33.75
S002276,P100471,Retail Crossover,2025-03-18,8,Live Dealer,Mobile Web,18,10,19.95
S002277,P100471,Retail Crossover,2025-03-21,11,Sportsbook,Android App,175,337,565.48
S002278,P100471,Retail Crossover,2025-03-23,13,Bingo,Desktop,40,71,29.97
S002279,P100471,Retail Crossover,2025-03-25,15,Bingo,iOS App,22,48,191.18
S002280,P100471,Retail Crossover,2025-04-02,23,Bingo,iOS App,23,15,4.53
S002281,P100471,Retail Crossover,2025-04-07,28,Live Dealer,Desktop,17,40,-68.76
S002282,P100471,Retail Crossover,2025-04-21,42,Live Dealer,Mobile Web,45,115,-68.4
S002283,P100471,Retail Crossover,2025-04-22,43,Slots,Mobile Web,39,39,40.98
S002284,P100472,Retail Crossover,2025-03-24,0,Table Games,iOS App,9,22,-32.27
S002285,P100473,Paid Search,2025-02-12,0,Slots,Mobile Web,16,18,114.74
S002286,P100473,Paid Search,2025-02-13,1,Sportsbook,Mobile Web,14,25,-80.23
S002287,P100473,Paid Search,2025-02-14,2,Sportsbook,Android App,11,19,-7.32
S002288,P100473,Paid Search,2025-02-15,3,Table Games,Mobile Web,47,110,109.31
S002289,P100473,Paid Search,2025-02-18,6,Slots,Android App,19,28,76.84
S002290,P100473,Paid Search,2025-02-19,7,Table Games,Mobile Web,14,10,-8.08
S002291,P100474,Paid Search,2025-06-22,0,Live Dealer,iOS App,37,58,86.43
S002292,P100474,Paid Search,2025-06-23,1,Live Dealer,Desktop,31,97,-35.39
S002293,P100474,Paid Search,2025-07-07,15,Table Games,Android App,17,38,-12.7
S002294,P100474,Paid Search,2025-07-10,18,Live Dealer,Android App,9,23,-6.02
S002295,P100474,Paid Search,2025-07-12,20,Bingo,Desktop,7,9,60.96
S002296,P100474,Paid Search,2025-07-17,25,Live Dealer,Mobile Web,18,9,6.45
S002297,P100475,Paid Search,2025-02-27,0,Bingo,Android App,103,84,245.91
S002298,P100475,Paid Search,2025-02-28,1,Bingo,iOS App,3,1,0.99
S002299,P100476,Paid Search,2025-04-05,0,Live Dealer,Mobile Web,28,15,-68.82
S002300,P100477,Organic,2025-04-19,0,Sportsbook,iOS App,10,13,26.08
S002301,P100477,Organic,2025-04-20,1,Live Dealer,Mobile Web,14,40,-151.45
S002302,P100477,Organic,2025-04-25,6,Bingo,iOS App,56,176,-1031.65
S002303,P100477,Organic,2025-04-26,7,Sportsbook,Mobile Web,7,14,6.09
S002304,P100478,Affiliate,2025-03-10,0,Bingo,Android App,18,17,45.55
S002305,P100478,Affiliate,2025-03-15,5,Slots,Desktop,9,8,23.07
S002306,P100478,Affiliate,2025-03-16,6,Live Dealer,iOS App,6,12,-8.18
S002307,P100478,Affiliate,2025-03-30,20,Bingo,Android App,26,22,-43.41
S002308,P100478,Affiliate,2025-03-31,21,Table Games,Desktop,5,3,0.49
S002309,P100479,Paid Search,2025-01-09,0,Sportsbook,Android App,52,148,216.63
S002310,P100480,Retail Crossover,2025-06-22,0,Live Dealer,Mobile Web,50,145,140.31
S002311,P100480,Retail Crossover,2025-07-06,14,Slots,Mobile Web,21,13,21.62
S002312,P100480,Retail Crossover,2025-07-09,17,Sportsbook,iOS App,117,79,35.12
S002313,P100480,Retail Crossover,2025-07-11,19,Table Games,Android App,11,31,76.54
S002314,P100480,Retail Crossover,2025-07-14,22,Table Games,iOS App,33,69,21.94
S002315,P100481,Affiliate,2025-06-06,0,Bingo,iOS App,23,43,-17.15
S002316,P100481,Affiliate,2025-06-07,1,Live Dealer,iOS App,36,16,-23.43
S002317,P100481,Affiliate,2025-06-10,4,Live Dealer,Mobile Web,34,64,201.57
S002318,P100482,Organic,2025-04-12,0,Slots,Mobile Web,16,38,-199.49
S002319,P100482,Organic,2025-04-20,8,Bingo,Desktop,27,31,29.63
S002320,P100482,Organic,2025-04-23,11,Slots,Android App,4,9,46.72
S002321,P100483,Organic,2025-04-07,0,Bingo,Android App,29,41,-144.28
S002322,P100483,Organic,2025-04-08,1,Slots,Android App,32,42,-398.11
S002323,P100483,Organic,2025-04-22,15,Sportsbook,Mobile Web,4,7,-20.42
S002324,P100483,Organic,2025-04-23,16,Sportsbook,Desktop,7,17,26.0
S002325,P100483,Organic,2025-04-24,17,Bingo,Mobile Web,62,53,-70.32
S002326,P100484,Organic,2025-02-22,0,Table Games,Mobile Web,15,42,56.33
S002327,P100484,Organic,2025-03-08,14,Sportsbook,iOS App,16,35,-93.57
S002328,P100485,Paid Search,2025-05-09,0,Slots,Desktop,8,18,-1.97
S002329,P100486,Affiliate,2025-04-06,0,Table Games,Mobile Web,23,12,78.46
S002330,P100487,Affiliate,2025-02-17,0,Bingo,Mobile Web,13,14,0.65
S002331,P100487,Affiliate,2025-02-18,1,Table Games,iOS App,26,58,-77.47
S002332,P100487,Affiliate,2025-03-04,15,Bingo,iOS App,31,78,-44.6
S002333,P100487,Affiliate,2025-03-07,18,Table Games,Mobile Web,24,54,7.25
S002334,P100488,Organic,2025-03-06,0,Live Dealer,Android App,37,75,13.03
S002335,P100488,Organic,2025-03-08,2,Bingo,iOS App,119,269,86.65
S002336,P100489,Retail Crossover,2025-02-13,0,Live Dealer,iOS App,31,33,10.93
S002337,P100490,Retail Crossover,2025-03-24,0,Sportsbook,Mobile Web,16,38,-4.26
S002338,P100491,Paid Social,2025-05-17,0,Bingo,Desktop,31,17,90.75
S002339,P100491,Paid Social,2025-05-18,1,Slots,Mobile Web,31,41,193.41
S002340,P100492,Paid Search,2025-02-07,0,Live Dealer,Android App,8,14,-32.75
S002341,P100492,Paid Search,2025-02-09,2,Slots,Mobile Web,28,34,103.86
S002342,P100492,Paid Search,2025-02-10,3,Live Dealer,iOS App,7,5,2.03
S002343,P100492,Paid Search,2025-02-15,8,Table Games,iOS App,17,7,2.2
S002344,P100492,Paid Search,2025-02-18,11,Table Games,Android App,34,64,-4.01
S002345,P100492,Paid Search,2025-02-26,19,Bingo,Android App,11,21,41.36
S002346,P100492,Paid Search,2025-03-06,27,Slots,Mobile Web,45,96,-312.14
S002347,P100492,Paid Search,2025-03-11,32,Sportsbook,Mobile Web,57,113,51.1
S002348,P100492,Paid Search,2025-03-14,35,Sportsbook,Desktop,13,39,-9.7
S002349,P100492,Paid Search,2025-03-15,36,Sportsbook,Desktop,4,1,-0.06
S002350,P100492,Paid Search,2025-03-29,50,Bingo,iOS App,28,32,20.66
S002351,P100492,Paid Search,2025-04-06,58,Slots,Mobile Web,12,22,-21.57
S002352,P100493,Affiliate,2025-06-05,0,Slots,Mobile Web,28,45,-38.92
S002353,P100493,Affiliate,2025-06-13,8,Bingo,iOS App,48,35,21.52
S002354,P100494,Paid Social,2025-01-14,0,Live Dealer,Android App,3,2,0.9
S002355,P100494,Paid Social,2025-01-28,14,Bingo,Android App,17,28,65.49
S002356,P100494,Paid Social,2025-01-30,16,Slots,iOS App,5,9,-23.38
S002357,P100494,Paid Social,2025-01-31,17,Live Dealer,Desktop,16,36,-143.56
S002358,P100494,Paid Social,2025-02-01,18,Live Dealer,iOS App,12,24,-109.43
S002359,P100494,Paid Social,2025-02-06,23,Table Games,iOS App,20,49,64.46
S002360,P100494,Paid Social,2025-02-11,28,Table Games,Desktop,8,4,-5.38
S002361,P100494,Paid Social,2025-02-19,36,Table Games,Mobile Web,3,5,-5.93
S002362,P100495,Organic,2025-01-09,0,Slots,iOS App,10,29,14.96
S002363,P100495,Organic,2025-01-23,14,Live Dealer,iOS App,19,54,-282.1
S002364,P100496,Paid Social,2025-02-09,0,Bingo,Mobile Web,28,59,61.0
S002365,P100496,Paid Social,2025-02-17,8,Table Games,iOS App,26,28,-22.08
S002366,P100496,Paid Social,2025-03-03,22,Sportsbook,Android App,8,22,4.68
S002367,P100497,Paid Search,2025-01-09,0,Live Dealer,Desktop,8,19,-39.93
S002368,P100497,Paid Search,2025-01-17,8,Sportsbook,iOS App,10,9,58.4
S002369,P100497,Paid Search,2025-01-31,22,Sportsbook,Android App,3,4,-28.02
S002370,P100497,Paid Search,2025-02-08,30,Sportsbook,iOS App,33,87,89.03
S002371,P100497,Paid Search,2025-02-10,32,Bingo,Android App,54,159,305.87
S002372,P100497,Paid Search,2025-02-13,35,Live Dealer,Mobile Web,4,8,-45.83
S002373,P100498,Paid Social,2025-05-28,0,Live Dealer,Desktop,27,13,29.31
S002374,P100498,Paid Social,2025-06-11,14,Table Games,iOS App,12,23,-4.59
S002375,P100498,Paid Social,2025-06-12,15,Table Games,Mobile Web,29,29,-3.75
S002376,P100498,Paid Social,2025-06-20,23,Bingo,Mobile Web,36,83,108.31
S002377,P100498,Paid Social,2025-06-28,31,Live Dealer,Desktop,22,27,97.72
S002378,P100498,Paid Social,2025-07-03,36,Slots,Android App,34,42,-1.19
S002379,P100498,Paid Social,2025-07-04,37,Slots,Mobile Web,29,85,-234.63
S002380,P100498,Paid Social,2025-07-07,40,Live Dealer,Android App,48,114,33.08
S002381,P100498,Paid Social,2025-07-21,54,Sportsbook,Desktop,25,43,237.26
S002382,P100498,Paid Social,2025-07-24,57,Slots,iOS App,8,20,33.63
S002383,P100498,Paid Social,2025-08-01,65,Slots,iOS App,13,25,0.09
S002384,P100498,Paid Social,2025-08-04,68,Live Dealer,Desktop,21,26,-84.28
S002385,P100498,Paid Social,2025-08-06,70,Slots,iOS App,4,8,6.81
S002386,P100499,Retail Crossover,2025-03-08,0,Sportsbook,Android App,9,16,13.53
S002387,P100499,Retail Crossover,2025-03-10,2,Live Dealer,Android App,33,86,-73.08
S002388,P100500,Organic,2025-05-29,0,Bingo,Desktop,15,30,7.9
S002389,P100501,Affiliate,2025-04-16,0,Table Games,iOS App,22,33,-18.0
S002390,P100501,Affiliate,2025-04-24,8,Live Dealer,iOS App,29,22,3.93
S002391,P100502,Paid Search,2025-01-09,0,Bingo,Android App,23,15,-1.31
S002392,P100502,Paid Search,2025-01-10,1,Table Games,iOS App,35,111,28.42
S002393,P100502,Paid Search,2025-01-24,15,Sportsbook,iOS App,81,162,-36.03
S002394,P100502,Paid Search,2025-01-25,16,Live Dealer,Mobile Web,8,23,-147.67
S002395,P100502,Paid Search,2025-01-26,17,Live Dealer,Mobile Web,43,53,-3.97
S002396,P100502,Paid Search,2025-01-29,20,Live Dealer,Android App,10,4,12.87
S002397,P100502,Paid Search,2025-02-12,34,Sportsbook,Desktop,16,11,10.22
S002398,P100502,Paid Search,2025-02-20,42,Slots,Desktop,32,23,-27.52
S002399,P100502,Paid Search,2025-02-22,44,Sportsbook,Desktop,9,27,49.27
S002400,P100502,Paid Search,2025-02-23,45,Bingo,iOS App,12,11,-59.36
S002401,P100502,Paid Search,2025-02-25,47,Bingo,Desktop,33,18,-17.25
S002402,P100503,Paid Search,2025-03-28,0,Bingo,Mobile Web,12,26,-26.79
S002403,P100503,Paid Search,2025-04-02,5,Sportsbook,Mobile Web,33,17,-19.35
S002404,P100503,Paid Search,2025-04-16,19,Slots,Desktop,9,5,8.32
S002405,P100504,Affiliate,2025-01-07,0,Slots,Mobile Web,7,16,16.78
S002406,P100504,Affiliate,2025-01-10,3,Table Games,iOS App,15,41,58.06
S002407,P100504,Affiliate,2025-01-24,17,Live Dealer,Desktop,15,22,36.93
S002408,P100504,Affiliate,2025-01-25,18,Sportsbook,Desktop,45,133,801.1
S002409,P100504,Affiliate,2025-01-30,23,Sportsbook,Android App,2,3,-7.52
S002410,P100504,Affiliate,2025-02-13,37,Bingo,iOS App,5,11,-8.67
S002411,P100505,Retail Crossover,2025-06-06,0,Table Games,iOS App,39,67,33.94
S002412,P100505,Retail Crossover,2025-06-14,8,Bingo,Mobile Web,19,22,-23.44
S002413,P100506,Affiliate,2025-04-01,0,Sportsbook,Desktop,11,10,40.72
S002414,P100506,Affiliate,2025-04-09,8,Bingo,iOS App,33,90,43.06
S002415,P100506,Affiliate,2025-04-23,22,Live Dealer,Desktop,12,21,0.84
S002416,P100506,Affiliate,2025-04-26,25,Live Dealer,iOS App,5,14,-169.45
S002417,P100506,Affiliate,2025-04-27,26,Sportsbook,Mobile Web,15,25,9.87
S002418,P100507,Organic,2025-04-01,0,Live Dealer,iOS App,13,41,113.0
S002419,P100507,Organic,2025-04-04,3,Bingo,Android App,17,16,2.72
S002420,P100507,Organic,2025-04-05,4,Table Games,Mobile Web,4,3,-3.0
S002421,P100508,Paid Search,2025-03-22,0,Table Games,Mobile Web,81,148,-573.83
S002422,P100508,Paid Search,2025-03-25,3,Sportsbook,iOS App,19,47,4.41
S002423,P100508,Paid Search,2025-03-27,5,Live Dealer,Desktop,20,42,62.05
S002424,P100508,Paid Search,2025-04-01,10,Bingo,Mobile Web,8,8,37.24
S002425,P100509,Paid Search,2025-02-27,0,Live Dealer,Android App,46,79,-152.34
S002426,P100510,Retail Crossover,2025-04-09,0,Slots,Desktop,50,89,-100.62
S002427,P100510,Retail Crossover,2025-04-17,8,Live Dealer,Android App,20,53,68.81
S002428,P100510,Retail Crossover,2025-05-01,22,Bingo,Desktop,6,10,-51.63
S002429,P100510,Retail Crossover,2025-05-02,23,Table Games,Android App,15,32,94.38
S002430,P100511,Paid Social,2025-03-03,0,Sportsbook,iOS App,40,70,-82.4
S002431,P100512,Organic,2025-01-05,0,Table Games,iOS App,27,29,144.17
S002432,P100512,Organic,2025-01-13,8,Slots,Desktop,39,47,-27.56
S002433,P100513,Paid Search,2025-06-22,0,Bingo,iOS App,40,88,-143.03
S002434,P100513,Paid Search,2025-06-30,8,Slots,iOS App,8,18,1.3
S002435,P100514,Paid Search,2025-05-05,0,Table Games,Desktop,14,14,-24.17
S002436,P100514,Paid Search,2025-05-08,3,Table Games,Android App,44,54,690.75
S002437,P100514,Paid Search,2025-05-11,6,Sportsbook,Desktop,35,45,142.01
S002438,P100514,Paid Search,2025-05-12,7,Bingo,Mobile Web,47,22,21.43
S002439,P100514,Paid Search,2025-05-17,12,Live Dealer,Desktop,17,51,-34.49
S002440,P100514,Paid Search,2025-05-22,17,Live Dealer,Desktop,5,6,-16.95
S002441,P100514,Paid Search,2025-05-30,25,Table Games,Android App,12,27,-32.53
S002442,P100514,Paid Search,2025-05-31,26,Sportsbook,Desktop,11,24,9.28
S002443,P100514,Paid Search,2025-06-02,28,Table Games,Mobile Web,21,48,37.92
S002444,P100514,Paid Search,2025-06-16,42,Live Dealer,Android App,4,9,-60.04
S002445,P100514,Paid Search,2025-06-30,56,Live Dealer,iOS App,34,53,-206.93
S002446,P100514,Paid Search,2025-07-01,57,Bingo,Mobile Web,19,14,72.85
S002447,P100514,Paid Search,2025-07-04,60,Live Dealer,Android App,16,6,4.4
S002448,P100514,Paid Search,2025-07-18,74,Sportsbook,Desktop,10,30,-36.32
S002449,P100514,Paid Search,2025-08-01,88,Sportsbook,iOS App,5,11,-5.45
S002450,P100514,Paid Search,2025-08-15,102,Live Dealer,Android App,3,1,-1.54
S002451,P100514,Paid Search,2025-08-20,107,Live Dealer,Mobile Web,29,12,59.9
S002452,P100515,Retail Crossover,2025-06-30,0,Live Dealer,Desktop,25,11,-0.37
S002453,P100515,Retail Crossover,2025-07-01,1,Slots,Mobile Web,19,50,-127.4
S002454,P100516,Organic,2025-01-21,0,Bingo,Android App,34,80,50.88
S002455,P100516,Organic,2025-02-04,14,Table Games,iOS App,36,49,590.29
S002456,P100516,Organic,2025-02-09,19,Sportsbook,Mobile Web,20,62,348.77
S002457,P100516,Organic,2025-02-11,21,Sportsbook,Android App,54,128,-1.25
S002458,P100516,Organic,2025-02-12,22,Table Games,Desktop,14,43,272.83
S002459,P100516,Organic,2025-02-26,36,Table Games,Mobile Web,79,75,9.31
S002460,P100517,Affiliate,2025-02-24,0,Table Games,Desktop,32,82,119.42
S002461,P100517,Affiliate,2025-03-04,8,Sportsbook,Android App,9,18,44.53
S002462,P100517,Affiliate,2025-03-05,9,Live Dealer,Mobile Web,11,22,2.09
S002463,P100517,Affiliate,2025-03-10,14,Table Games,iOS App,46,139,-22.1
S002464,P100517,Affiliate,2025-03-15,19,Sportsbook,Android App,51,55,74.27
S002465,P100517,Affiliate,2025-03-20,24,Bingo,iOS App,76,76,-0.89
S002466,P100517,Affiliate,2025-03-25,29,Bingo,Android App,21,66,-73.01
S002467,P100517,Affiliate,2025-04-02,37,Bingo,iOS App,6,18,-6.48
S002468,P100518,Retail Crossover,2025-01-11,0,Bingo,Desktop,50,33,2.88
S002469,P100518,Retail Crossover,2025-01-12,1,Live Dealer,iOS App,29,65,82.85
S002470,P100518,Retail Crossover,2025-01-26,15,Live Dealer,Desktop,29,80,-504.78
S002471,P100518,Retail Crossover,2025-02-09,29,Slots,Android App,61,88,3.69
S002472,P100519,Paid Search,2025-05-28,0,Sportsbook,Android App,15,33,-10.8
S002473,P100520,Paid Social,2025-01-12,0,Slots,Android App,32,40,-5.46
S002474,P100520,Paid Social,2025-01-13,1,Bingo,Mobile Web,4,9,23.35
S002475,P100521,Organic,2025-01-16,0,Bingo,iOS App,40,60,-71.27
S002476,P100521,Organic,2025-01-18,2,Live Dealer,Desktop,27,51,118.48
S002477,P100521,Organic,2025-01-21,5,Table Games,Desktop,26,78,71.71
S002478,P100521,Organic,2025-01-24,8,Bingo,Android App,6,14,84.42
S002479,P100522,Organic,2025-06-20,0,Sportsbook,Desktop,25,55,122.96
S002480,P100522,Organic,2025-06-21,1,Table Games,Mobile Web,16,48,127.96
S002481,P100523,Paid Social,2025-02-10,0,Bingo,Desktop,17,32,186.35
S002482,P100523,Paid Social,2025-02-11,1,Table Games,Android App,15,10,1.94
S002483,P100523,Paid Social,2025-02-14,4,Bingo,Android App,5,14,-83.85
S002484,P100523,Paid Social,2025-02-15,5,Sportsbook,iOS App,21,36,-13.72
S002485,P100523,Paid Social,2025-02-18,8,Sportsbook,iOS App,18,27,-25.11
S002486,P100523,Paid Social,2025-02-20,10,Live Dealer,Desktop,16,26,56.77
S002487,P100524,Paid Social,2025-01-03,0,Live Dealer,Mobile Web,13,29,13.14
S002488,P100525,Paid Social,2025-03-20,0,Sportsbook,Android App,11,13,0.62
S002489,P100525,Paid Social,2025-03-25,5,Slots,Mobile Web,39,25,9.94
S002490,P100526,Paid Social,2025-01-31,0,Bingo,Desktop,14,43,4.42
S002491,P100526,Paid Social,2025-02-01,1,Table Games,iOS App,24,75,52.06
S002492,P100526,Paid Social,2025-02-09,9,Slots,Android App,70,41,-177.33
S002493,P100526,Paid Social,2025-02-10,10,Bingo,Mobile Web,43,72,195.6
S002494,P100526,Paid Social,2025-02-15,15,Sportsbook,iOS App,26,55,172.92
S002495,P100526,Paid Social,2025-02-16,16,Table Games,Desktop,126,342,-523.28
S002496,P100526,Paid Social,2025-02-21,21,Bingo,Android App,11,29,100.41
S002497,P100527,Paid Social,2025-05-05,0,Slots,iOS App,3,4,6.04
S002498,P100527,Paid Social,2025-05-19,14,Table Games,Mobile Web,8,4,-26.26
S002499,P100527,Paid Social,2025-06-02,28,Bingo,Mobile Web,7,7,8.46
S002500,P100527,Paid Social,2025-06-03,29,Bingo,Desktop,14,21,-65.81
S002501,P100527,Paid Social,2025-06-04,30,Sportsbook,Mobile Web,37,104,-70.48
S002502,P100527,Paid Social,2025-06-12,38,Live Dealer,iOS App,6,16,15.11
S002503,P100527,Paid Social,2025-06-15,41,Live Dealer,iOS App,32,78,8.28
S002504,P100527,Paid Social,2025-06-18,44,Bingo,Mobile Web,35,110,-18.88
S002505,P100527,Paid Social,2025-06-20,46,Sportsbook,Mobile Web,20,34,8.32
S002506,P100527,Paid Social,2025-07-04,60,Slots,Mobile Web,42,71,-10.52
S002507,P100528,Organic,2025-01-01,0,Table Games,iOS App,160,459,998.36
S002508,P100529,Organic,2025-03-26,0,Sportsbook,Mobile Web,22,19,99.14
S002509,P100530,Affiliate,2025-01-24,0,Live Dealer,iOS App,23,52,40.78
S002510,P100530,Affiliate,2025-01-25,1,Sportsbook,Desktop,13,30,-40.15
S002511,P100530,Affiliate,2025-01-27,3,Bingo,iOS App,12,5,3.64
S002512,P100530,Affiliate,2025-01-28,4,Table Games,Android App,23,73,48.35
S002513,P100530,Affiliate,2025-01-29,5,Slots,Android App,15,20,-24.57
S002514,P100530,Affiliate,2025-02-01,8,Table Games,Mobile Web,35,47,349.77
S002515,P100530,Affiliate,2025-02-02,9,Table Games,Desktop,14,42,89.64
S002516,P100530,Affiliate,2025-02-03,10,Live Dealer,Mobile Web,3,9,20.9
S002517,P100530,Affiliate,2025-02-17,24,Bingo,Desktop,15,19,-9.31
S002518,P100530,Affiliate,2025-02-20,27,Table Games,iOS App,121,263,1550.5
S002519,P100530,Affiliate,2025-03-06,41,Sportsbook,Mobile Web,16,16,-10.33
S002520,P100530,Affiliate,2025-03-11,46,Live Dealer,Desktop,8,14,10.88
S002521,P100530,Affiliate,2025-03-12,47,Bingo,iOS App,66,40,-22.27
S002522,P100531,Affiliate,2025-02-21,0,Live Dealer,iOS App,15,18,-5.79
S002523,P100531,Affiliate,2025-02-22,1,Table Games,iOS App,10,9,-0.21
S002524,P100532,Affiliate,2025-04-04,0,Table Games,Mobile Web,17,48,-130.63
S002525,P100532,Affiliate,2025-04-06,2,Bingo,Desktop,13,8,22.4
S002526,P100532,Affiliate,2025-04-11,7,Live Dealer,Desktop,23,57,127.58
S002527,P100532,Affiliate,2025-04-12,8,Live Dealer,iOS App,43,86,237.95
S002528,P100532,Affiliate,2025-04-13,9,Bingo,Desktop,13,35,-12.93
S002529,P100532,Affiliate,2025-04-16,12,Sportsbook,Desktop,21,12,-9.49
S002530,P100532,Affiliate,2025-04-17,13,Live Dealer,Android App,10,13,-9.06
S002531,P100532,Affiliate,2025-05-01,27,Live Dealer,Android App,27,65,-217.17
S002532,P100532,Affiliate,2025-05-15,41,Table Games,iOS App,27,83,881.29
S002533,P100532,Affiliate,2025-05-16,42,Slots,Desktop,24,73,154.82
S002534,P100532,Affiliate,2025-05-19,45,Bingo,Desktop,21,34,124.08
S002535,P100532,Affiliate,2025-05-27,53,Table Games,Desktop,10,23,-64.05
S002536,P100532,Affiliate,2025-06-10,67,Slots,Desktop,30,69,499.0
S002537,P100532,Affiliate,2025-06-18,75,Slots,Android App,14,13,11.39
S002538,P100532,Affiliate,2025-06-20,77,Live Dealer,Desktop,32,80,247.35
S002539,P100532,Affiliate,2025-06-25,82,Sportsbook,Desktop,40,48,47.1
S002540,P100532,Affiliate,2025-06-26,83,Slots,iOS App,34,47,-91.87
S002541,P100532,Affiliate,2025-06-27,84,Table Games,iOS App,36,36,33.53
S002542,P100532,Affiliate,2025-06-29,86,Sportsbook,Android App,7,19,71.57
S002543,P100532,Affiliate,2025-07-02,89,Sportsbook,iOS App,70,82,30.3
S002544,P100533,Organic,2025-06-13,0,Sportsbook,Android App,17,40,-155.46
S002545,P100533,Organic,2025-06-14,1,Live Dealer,iOS App,10,30,12.99
S002546,P100533,Organic,2025-06-16,3,Table Games,Android App,32,21,-2.37
S002547,P100533,Organic,2025-06-17,4,Live Dealer,Desktop,66,111,-35.64
S002548,P100534,Affiliate,2025-03-03,0,Slots,Mobile Web,8,23,61.42
S002549,P100534,Affiliate,2025-03-17,14,Slots,Mobile Web,18,10,-20.85
S002550,P100534,Affiliate,2025-03-18,15,Bingo,Android App,23,38,41.12
S002551,P100534,Affiliate,2025-03-26,23,Live Dealer,Android App,18,48,-91.79
S002552,P100534,Affiliate,2025-03-29,26,Live Dealer,Desktop,32,17,-0.95
S002553,P100534,Affiliate,2025-04-06,34,Live Dealer,iOS App,29,74,-355.32
S002554,P100535,Organic,2025-04-23,0,Table Games,Mobile Web,54,100,-132.62
S002555,P100535,Organic,2025-04-24,1,Bingo,Android App,12,10,13.11
S002556,P100535,Organic,2025-04-27,4,Table Games,Desktop,34,99,516.9
S002557,P100535,Organic,2025-04-28,5,Table Games,Mobile Web,26,21,17.17
S002558,P100535,Organic,2025-05-01,8,Slots,Android App,105,321,210.53
S002559,P100535,Organic,2025-05-04,11,Table Games,Android App,10,23,31.4
S002560,P100535,Organic,2025-05-05,12,Sportsbook,Desktop,37,65,33.37
S002561,P100535,Organic,2025-05-10,17,Slots,Mobile Web,34,43,67.92
S002562,P100535,Organic,2025-05-11,18,Bingo,iOS App,13,14,31.37
S002563,P100535,Organic,2025-05-25,32,Bingo,iOS App,28,36,21.15
S002564,P100535,Organic,2025-05-26,33,Table Games,iOS App,25,19,11.7
S002565,P100535,Organic,2025-05-28,35,Sportsbook,iOS App,17,46,28.62
S002566,P100536,Retail Crossover,2025-05-26,0,Table Games,iOS App,74,160,824.52
S002567,P100537,Retail Crossover,2025-05-18,0,Live Dealer,iOS App,7,12,10.05
S002568,P100537,Retail Crossover,2025-05-23,5,Table Games,Desktop,18,24,-12.87
S002569,P100537,Retail Crossover,2025-05-28,10,Live Dealer,Desktop,25,60,-26.08
S002570,P100537,Retail Crossover,2025-06-11,24,Slots,iOS App,28,66,113.31
S002571,P100537,Retail Crossover,2025-06-16,29,Sportsbook,Android App,31,93,46.61
S002572,P100537,Retail Crossover,2025-06-19,32,Sportsbook,Android App,63,157,200.03
S002573,P100537,Retail Crossover,2025-06-21,34,Slots,iOS App,53,97,-99.6
S002574,P100537,Retail Crossover,2025-06-22,35,Sportsbook,Desktop,51,78,19.44
S002575,P100537,Retail Crossover,2025-06-24,37,Sportsbook,Desktop,19,51,-75.17
S002576,P100537,Retail Crossover,2025-07-02,45,Slots,Desktop,28,45,-60.05
S002577,P100537,Retail Crossover,2025-07-10,53,Bingo,Desktop,3,2,-0.56
S002578,P100537,Retail Crossover,2025-07-18,61,Bingo,Android App,13,11,57.16
S002579,P100537,Retail Crossover,2025-07-19,62,Sportsbook,Android App,14,13,-93.33
S002580,P100537,Retail Crossover,2025-07-24,67,Table Games,iOS App,118,233,-840.5
S002581,P100537,Retail Crossover,2025-07-25,68,Sportsbook,Desktop,47,106,-639.76
S002582,P100538,Paid Search,2025-01-04,0,Live Dealer,Mobile Web,41,107,122.9
S002583,P100538,Paid Search,2025-01-05,1,Table Games,Mobile Web,15,16,-7.7
S002584,P100539,Organic,2025-01-13,0,Bingo,iOS App,25,49,-80.54
S002585,P100539,Organic,2025-01-14,1,Slots,Desktop,32,68,-79.89
S002586,P100539,Organic,2025-01-28,15,Live Dealer,iOS App,22,44,35.46
S002587,P100539,Organic,2025-01-31,18,Live Dealer,Desktop,24,69,144.46
S002588,P100540,Affiliate,2025-03-26,0,Slots,Mobile Web,20,55,78.97
S002589,P100540,Affiliate,2025-04-03,8,Live Dealer,Desktop,104,250,-652.01
S002590,P100540,Affiliate,2025-04-04,9,Slots,Mobile Web,2,4,9.86
S002591,P100541,Retail Crossover,2025-02-03,0,Live Dealer,Android App,40,93,284.5
S002592,P100541,Retail Crossover,2025-02-08,5,Sportsbook,Mobile Web,39,92,-148.97
S002593,P100541,Retail Crossover,2025-02-11,8,Slots,Mobile Web,14,34,87.99
S002594,P100541,Retail Crossover,2025-02-25,22,Slots,Desktop,51,111,-389.58
S002595,P100541,Retail Crossover,2025-02-26,23,Table Games,Android App,21,10,-13.73
S002596,P100541,Retail Crossover,2025-02-28,25,Table Games,iOS App,11,11,-60.85
S002597,P100541,Retail Crossover,2025-03-14,39,Live Dealer,Android App,15,12,44.37
S002598,P100541,Retail Crossover,2025-03-15,40,Sportsbook,Android App,27,33,49.35
S002599,P100541,Retail Crossover,2025-03-16,41,Slots,Mobile Web,23,39,59.63
S002600,P100541,Retail Crossover,2025-03-24,49,Table Games,Android App,18,40,-23.01
S002601,P100541,Retail Crossover,2025-03-25,50,Live Dealer,Mobile Web,9,28,82.14
S002602,P100541,Retail Crossover,2025-03-28,53,Bingo,Mobile Web,24,41,-115.66
S002603,P100541,Retail Crossover,2025-03-31,56,Bingo,Android App,16,45,238.76
S002604,P100542,Paid Search,2025-02-15,0,Table Games,Android App,11,32,9.97
S002605,P100542,Paid Search,2025-03-01,14,Bingo,Desktop,34,107,9.78
S002606,P100543,Paid Search,2025-04-04,0,Table Games,Mobile Web,25,75,-43.59
S002607,P100543,Paid Search,2025-04-09,5,Slots,Mobile Web,22,69,-30.93
S002608,P100543,Paid Search,2025-04-10,6,Table Games,Desktop,61,66,-98.56
S002609,P100544,Paid Social,2025-01-15,0,Sportsbook,Desktop,48,107,32.56
S002610,P100544,Paid Social,2025-01-16,1,Bingo,Mobile Web,41,102,126.27
S002611,P100544,Paid Social,2025-01-18,3,Live Dealer,Desktop,31,58,-201.64
S002612,P100544,Paid Social,2025-01-19,4,Bingo,Desktop,20,9,-19.3
S002613,P100545,Retail Crossover,2025-05-19,0,Table Games,Desktop,104,52,32.26
S002614,P100546,Retail Crossover,2025-03-28,0,Live Dealer,Mobile Web,49,122,111.03
S002615,P100546,Retail Crossover,2025-03-30,2,Slots,Desktop,29,39,-25.97
S002616,P100547,Organic,2025-03-03,0,Slots,Mobile Web,24,18,68.91
S002617,P100547,Organic,2025-03-04,1,Live Dealer,Mobile Web,18,46,61.36
S002618,P100547,Organic,2025-03-05,2,Live Dealer,Desktop,40,67,-151.61
S002619,P100548,Retail Crossover,2025-02-01,0,Table Games,Mobile Web,11,14,-3.78
S002620,P100548,Retail Crossover,2025-02-02,1,Slots,Mobile Web,22,47,46.37
S002621,P100548,Retail Crossover,2025-02-07,6,Sportsbook,iOS App,19,9,-22.31
S002622,P100548,Retail Crossover,2025-02-09,8,Table Games,Desktop,29,33,6.45
S002623,P100549,Affiliate,2025-03-03,0,Live Dealer,Desktop,8,23,-8.42
S002624,P100550,Organic,2025-05-17,0,Table Games,Mobile Web,19,20,45.5
S002625,P100550,Organic,2025-05-18,1,Sportsbook,Desktop,46,134,149.19
S002626,P100550,Organic,2025-05-20,3,Live Dealer,Desktop,7,8,13.33
S002627,P100550,Organic,2025-05-21,4,Slots,Android App,16,38,-69.69
S002628,P100550,Organic,2025-05-29,12,Bingo,Mobile Web,10,18,5.11
S002629,P100550,Organic,2025-06-06,20,Table Games,Desktop,11,34,-111.21
S002630,P100550,Organic,2025-06-14,28,Live Dealer,Desktop,8,10,9.35
S002631,P100550,Organic,2025-06-19,33,Bingo,Mobile Web,24,70,258.7
S002632,P100550,Organic,2025-06-21,35,Slots,Android App,11,18,81.69
S002633,P100550,Organic,2025-06-24,38,Bingo,Desktop,7,3,-9.42
S002634,P100550,Organic,2025-06-25,39,Bingo,Mobile Web,3,9,-50.55
S002635,P100551,Organic,2025-06-23,0,Table Games,Android App,22,35,39.68
S002636,P100552,Organic,2025-02-04,0,Bingo,Android App,7,5,13.06
S002637,P100552,Organic,2025-02-09,5,Sportsbook,Android App,33,46,-146.42
S002638,P100552,Organic,2025-02-10,6,Sportsbook,Desktop,21,26,-93.29
S002639,P100552,Organic,2025-02-18,14,Live Dealer,Mobile Web,21,17,-9.34
S002640,P100552,Organic,2025-02-26,22,Table Games,iOS App,15,6,22.49
S002641,P100552,Organic,2025-02-27,23,Live Dealer,Android App,22,31,64.73
S002642,P100553,Paid Social,2025-01-10,0,Bingo,iOS App,5,13,12.27
S002643,P100554,Paid Social,2025-06-18,0,Table Games,iOS App,44,45,-17.92
S002644,P100554,Paid Social,2025-06-20,2,Live Dealer,iOS App,19,23,12.74
S002645,P100554,Paid Social,2025-07-04,16,Sportsbook,Desktop,10,9,-1.15
S002646,P100554,Paid Social,2025-07-09,21,Sportsbook,Desktop,30,76,-11.04
S002647,P100555,Organic,2025-01-13,0,Live Dealer,Desktop,6,14,5.59
S002648,P100556,Paid Social,2025-02-14,0,Table Games,Android App,13,35,-116.67
S002649,P100556,Paid Social,2025-02-16,2,Live Dealer,Desktop,14,21,86.44
S002650,P100557,Paid Social,2025-05-22,0,Bingo,Android App,34,33,182.32
S002651,P100558,Retail Crossover,2025-02-10,0,Slots,Mobile Web,31,40,101.86
S002652,P100558,Retail Crossover,2025-02-15,5,Table Games,Android App,31,22,-50.01
S002653,P100558,Retail Crossover,2025-02-16,6,Bingo,Mobile Web,26,35,36.07
S002654,P100559,Organic,2025-03-26,0,Bingo,Mobile Web,22,69,-1.3
S002655,P100560,Affiliate,2025-06-27,0,Table Games,Mobile Web,8,12,40.53
S002656,P100560,Affiliate,2025-07-11,14,Table Games,Desktop,18,17,-2.85
S002657,P100561,Paid Search,2025-01-14,0,Bingo,Android App,23,70,79.64
S002658,P100561,Paid Search,2025-01-16,2,Sportsbook,Android App,56,87,179.06
S002659,P100561,Paid Search,2025-01-24,10,Sportsbook,Mobile Web,17,13,38.22
S002660,P100561,Paid Search,2025-01-29,15,Slots,iOS App,72,214,1079.84
S002661,P100561,Paid Search,2025-02-12,29,Bingo,Mobile Web,4,5,19.53
S002662,P100561,Paid Search,2025-02-14,31,Slots,Desktop,35,89,-0.15
S002663,P100561,Paid Search,2025-02-15,32,Bingo,Android App,9,7,5.74
S002664,P100561,Paid Search,2025-02-16,33,Table Games,Desktop,17,30,-118.71
S002665,P100561,Paid Search,2025-02-19,36,Live Dealer,Android App,19,60,-269.16
S002666,P100561,Paid Search,2025-02-21,38,Slots,Desktop,54,118,-579.35
S002667,P100561,Paid Search,2025-02-22,39,Live Dealer,Mobile Web,62,116,-74.0
S002668,P100561,Paid Search,2025-02-27,44,Live Dealer,Android App,26,25,3.6
S002669,P100561,Paid Search,2025-03-07,52,Slots,Desktop,48,58,17.84
S002670,P100562,Affiliate,2025-05-27,0,Live Dealer,Mobile Web,29,67,-181.0
S002671,P100562,Affiliate,2025-05-28,1,Slots,Desktop,54,152,216.86
S002672,P100562,Affiliate,2025-05-30,3,Table Games,Desktop,53,41,57.95
S002673,P100562,Affiliate,2025-06-07,11,Bingo,Desktop,24,32,143.37
S002674,P100562,Affiliate,2025-06-21,25,Table Games,Desktop,104,42,-221.9
S002675,P100562,Affiliate,2025-06-26,30,Bingo,Mobile Web,10,7,13.82
S002676,P100562,Affiliate,2025-06-27,31,Slots,Mobile Web,33,30,5.43
S002677,P100562,Affiliate,2025-06-28,32,Sportsbook,Desktop,24,27,54.1
S002678,P100562,Affiliate,2025-06-30,34,Slots,Desktop,30,21,-23.11
S002679,P100562,Affiliate,2025-07-08,42,Sportsbook,Desktop,35,39,-73.15
S002680,P100562,Affiliate,2025-07-16,50,Sportsbook,iOS App,20,28,-2.85
S002681,P100563,Organic,2025-01-31,0,Sportsbook,Android App,35,31,219.71
S002682,P100564,Retail Crossover,2025-03-31,0,Table Games,Android App,50,99,-757.7
S002683,P100565,Paid Social,2025-02-10,0,Bingo,Android App,31,92,-16.88
S002684,P100566,Affiliate,2025-02-20,0,Table Games,Mobile Web,11,22,7.52
S002685,P100566,Affiliate,2025-02-22,2,Bingo,Mobile Web,28,29,52.83
S002686,P100566,Affiliate,2025-02-23,3,Table Games,iOS App,15,29,-108.59
S002687,P100566,Affiliate,2025-02-25,5,Live Dealer,Android App,8,15,-35.06
S002688,P100566,Affiliate,2025-03-05,13,Table Games,Desktop,18,32,112.21
S002689,P100566,Affiliate,2025-03-13,21,Slots,Desktop,5,11,24.41
S002690,P100567,Paid Search,2025-04-16,0,Table Games,iOS App,88,209,-208.3
S002691,P100567,Paid Search,2025-04-17,1,Table Games,Desktop,8,17,105.16
S002692,P100567,Paid Search,2025-05-01,15,Live Dealer,Desktop,64,123,-104.55
S002693,P100567,Paid Search,2025-05-06,20,Slots,Desktop,9,21,-14.99
S002694,P100567,Paid Search,2025-05-07,21,Table Games,Desktop,22,33,-250.01
S002695,P100567,Paid Search,2025-05-12,26,Live Dealer,Desktop,36,38,51.54
S002696,P100568,Paid Social,2025-03-17,0,Table Games,iOS App,12,25,63.02
S002697,P100568,Paid Social,2025-03-22,5,Sportsbook,Mobile Web,22,36,-34.04
S002698,P100568,Paid Social,2025-03-23,6,Bingo,Android App,10,5,5.03
S002699,P100568,Paid Social,2025-03-24,7,Table Games,Desktop,12,32,-48.56
S002700,P100568,Paid Social,2025-04-07,21,Bingo,iOS App,14,17,-18.41
S002701,P100569,Paid Search,2025-03-13,0,Live Dealer,Android App,23,46,-101.39
S002702,P100569,Paid Search,2025-03-16,3,Sportsbook,Mobile Web,22,24,-47.86
S002703,P100570,Organic,2025-05-23,0,Slots,Desktop,14,23,20.08
S002704,P100570,Organic,2025-05-31,8,Slots,iOS App,33,75,-280.55
S002705,P100570,Organic,2025-06-05,13,Table Games,Desktop,16,7,-3.0
S002706,P100570,Organic,2025-06-07,15,Live Dealer,Mobile Web,11,15,26.06
S002707,P100570,Organic,2025-06-08,16,Bingo,Mobile Web,6,5,8.57
S002708,P100570,Organic,2025-06-09,17,Live Dealer,Mobile Web,6,10,10.96
S002709,P100570,Organic,2025-06-17,25,Table Games,Desktop,7,12,-41.03
S002710,P100570,Organic,2025-07-01,39,Table Games,Android App,19,23,72.4
S002711,P100570,Organic,2025-07-02,40,Live Dealer,Android App,8,6,4.7
S002712,P100571,Organic,2025-04-03,0,Slots,Desktop,6,10,8.92
S002713,P100571,Organic,2025-04-08,5,Slots,Mobile Web,30,91,-162.56
S002714,P100571,Organic,2025-04-11,8,Sportsbook,Mobile Web,11,29,-16.78
S002715,P100571,Organic,2025-04-14,11,Live Dealer,Desktop,26,46,-192.03
S002716,P100571,Organic,2025-04-19,16,Table Games,Desktop,11,17,67.26
S002717,P100571,Organic,2025-04-20,17,Sportsbook,Android App,15,37,-19.72
S002718,P100571,Organic,2025-05-04,31,Live Dealer,Desktop,6,6,-29.58
S002719,P100572,Paid Search,2025-06-30,0,Slots,Desktop,30,76,-26.65
S002720,P100572,Paid Search,2025-07-03,3,Live Dealer,Android App,17,31,140.18
S002721,P100573,Affiliate,2025-01-30,0,Live Dealer,Desktop,21,58,-72.31
S002722,P100573,Affiliate,2025-02-13,14,Bingo,Android App,15,40,25.4
S002723,P100573,Affiliate,2025-02-15,16,Slots,Android App,7,5,14.82
S002724,P100573,Affiliate,2025-02-16,17,Live Dealer,Android App,2,2,-7.54
S002725,P100573,Affiliate,2025-02-18,19,Sportsbook,Desktop,7,16,-18.73
S002726,P100573,Affiliate,2025-02-20,21,Live Dealer,Mobile Web,68,45,144.82
S002727,P100573,Affiliate,2025-02-23,24,Live Dealer,iOS App,6,17,17.82
S002728,P100573,Affiliate,2025-02-24,25,Table Games,Mobile Web,8,7,-20.1
S002729,P100573,Affiliate,2025-02-25,26,Slots,Android App,29,71,-13.22
S002730,P100573,Affiliate,2025-03-11,40,Live Dealer,iOS App,38,28,-82.28
S002731,P100574,Affiliate,2025-03-24,0,Slots,iOS App,18,53,159.47
S002732,P100575,Retail Crossover,2025-06-30,0,Sportsbook,iOS App,7,11,49.82
S002733,P100576,Affiliate,2025-06-04,0,Sportsbook,Android App,9,13,22.72
S002734,P100577,Affiliate,2025-05-15,0,Bingo,Mobile Web,114,243,269.78
S002735,P100577,Affiliate,2025-05-23,8,Table Games,Android App,58,168,-184.06
S002736,P100577,Affiliate,2025-05-24,9,Table Games,Android App,58,69,-254.24
S002737,P100577,Affiliate,2025-05-25,10,Sportsbook,Desktop,46,99,154.68
S002738,P100577,Affiliate,2025-05-30,15,Bingo,Desktop,6,14,-39.97
S002739,P100577,Affiliate,2025-06-01,17,Live Dealer,iOS App,68,74,-133.63
S002740,P100578,Affiliate,2025-01-02,0,Bingo,iOS App,16,12,7.64
S002741,P100579,Retail Crossover,2025-05-25,0,Bingo,Android App,6,11,-3.52
S002742,P100579,Retail Crossover,2025-05-27,2,Bingo,Desktop,3,5,-2.15
S002743,P100579,Retail Crossover,2025-05-28,3,Slots,Desktop,16,38,-93.52
S002744,P100579,Retail Crossover,2025-06-11,17,Table Games,Mobile Web,12,23,-68.18
S002745,P100579,Retail Crossover,2025-06-12,18,Table Games,Mobile Web,39,22,261.95
S002746,P100579,Retail Crossover,2025-06-20,26,Table Games,Desktop,32,20,3.21
S002747,P100579,Retail Crossover,2025-06-22,28,Live Dealer,Desktop,3,7,29.56
S002748,P100580,Organic,2025-01-14,0,Table Games,Mobile Web,8,5,-0.83
S002749,P100580,Organic,2025-01-17,3,Live Dealer,Mobile Web,18,13,-134.81
S002750,P100581,Retail Crossover,2025-06-11,0,Table Games,iOS App,39,87,78.87
S002751,P100581,Retail Crossover,2025-06-12,1,Slots,Android App,10,7,4.28
S002752,P100581,Retail Crossover,2025-06-20,9,Slots,Mobile Web,16,22,42.57
S002753,P100581,Retail Crossover,2025-06-21,10,Bingo,Android App,22,31,80.91
S002754,P100581,Retail Crossover,2025-06-29,18,Sportsbook,Android App,19,9,50.23
S002755,P100581,Retail Crossover,2025-07-04,23,Table Games,Android App,12,30,40.09
S002756,P100581,Retail Crossover,2025-07-09,28,Sportsbook,iOS App,25,71,-230.19
S002757,P100581,Retail Crossover,2025-07-10,29,Slots,Desktop,14,44,132.23
S002758,P100581,Retail Crossover,2025-07-13,32,Table Games,Android App,24,65,1.99
S002759,P100581,Retail Crossover,2025-07-18,37,Sportsbook,iOS App,26,45,169.99
S002760,P100581,Retail Crossover,2025-07-21,40,Live Dealer,Desktop,46,38,-8.46
S002761,P100582,Affiliate,2025-01-11,0,Sportsbook,Desktop,22,62,309.05
S002762,P100583,Paid Social,2025-02-20,0,Slots,Mobile Web,37,86,808.94
S002763,P100583,Paid Social,2025-02-23,3,Table Games,iOS App,22,27,59.77
S002764,P100584,Retail Crossover,2025-03-08,0,Bingo,Desktop,42,30,130.43
S002765,P100585,Organic,2025-04-21,0,Sportsbook,Android App,17,21,-3.42
S002766,P100586,Paid Social,2025-03-12,0,Slots,Android App,16,28,-21.55
S002767,P100586,Paid Social,2025-03-26,14,Bingo,Mobile Web,18,42,-126.25
S002768,P100586,Paid Social,2025-04-03,22,Bingo,iOS App,35,48,-14.51
S002769,P100586,Paid Social,2025-04-04,23,Bingo,Mobile Web,34,54,49.1
S002770,P100586,Paid Social,2025-04-05,24,Live Dealer,iOS App,15,9,19.86
S002771,P100586,Paid Social,2025-04-08,27,Bingo,Android App,30,15,-8.46
S002772,P100586,Paid Social,2025-04-13,32,Slots,Mobile Web,7,9,-30.84
S002773,P100586,Paid Social,2025-04-27,46,Sportsbook,Android App,9,12,10.84
S002774,P100586,Paid Social,2025-04-29,48,Table Games,Desktop,3,5,-0.65
S002775,P100586,Paid Social,2025-05-01,50,Slots,Mobile Web,44,111,-363.05
S002776,P100586,Paid Social,2025-05-06,55,Bingo,iOS App,22,24,119.41
S002777,P100586,Paid Social,2025-05-08,57,Bingo,Android App,3,6,-11.86
S002778,P100586,Paid Social,2025-05-16,65,Slots,Android App,33,21,1.79
S002779,P100586,Paid Social,2025-05-17,66,Live Dealer,Mobile Web,40,77,36.28
S002780,P100586,Paid Social,2025-05-22,71,Table Games,Android App,17,36,17.77
S002781,P100586,Paid Social,2025-05-25,74,Bingo,iOS App,10,4,40.49
S002782,P100586,Paid Social,2025-05-30,79,Live Dealer,iOS App,107,45,-222.5
S002783,P100586,Paid Social,2025-06-02,82,Sportsbook,Android App,44,77,33.66
S002784,P100586,Paid Social,2025-06-04,84,Sportsbook,iOS App,24,62,-28.23
S002785,P100586,Paid Social,2025-06-05,85,Sportsbook,Android App,10,27,-72.27
S002786,P100586,Paid Social,2025-06-07,87,Table Games,Mobile Web,15,37,117.84
S002787,P100587,Affiliate,2025-02-22,0,Slots,Mobile Web,98,312,158.02
S002788,P100587,Affiliate,2025-02-23,1,Bingo,iOS App,16,22,-10.82
S002789,P100587,Affiliate,2025-02-24,2,Table Games,iOS App,17,47,-18.99
S002790,P100587,Affiliate,2025-03-04,10,Live Dealer,iOS App,48,32,-46.49
S002791,P100587,Affiliate,2025-03-07,13,Table Games,iOS App,62,126,747.89
S002792,P100587,Affiliate,2025-03-09,15,Bingo,Mobile Web,14,38,181.73
S002793,P100587,Affiliate,2025-03-10,16,Sportsbook,Android App,37,110,-552.28
S002794,P100587,Affiliate,2025-03-24,30,Bingo,Android App,22,57,-332.41
S002795,P100587,Affiliate,2025-03-25,31,Bingo,Mobile Web,9,26,-71.23
S002796,P100587,Affiliate,2025-04-08,45,Bingo,Desktop,5,5,22.53
S002797,P100587,Affiliate,2025-04-11,48,Live Dealer,iOS App,10,8,29.29
S002798,P100587,Affiliate,2025-04-16,53,Live Dealer,iOS App,11,10,12.84
S002799,P100587,Affiliate,2025-04-19,56,Sportsbook,Mobile Web,10,12,-21.03
S002800,P100588,Retail Crossover,2025-05-22,0,Bingo,iOS App,2,5,13.01
S002801,P100588,Retail Crossover,2025-05-23,1,Bingo,Mobile Web,15,16,49.61
S002802,P100588,Retail Crossover,2025-05-24,2,Slots,iOS App,9,20,28.34
S002803,P100588,Retail Crossover,2025-05-27,5,Slots,Mobile Web,59,47,117.67
S002804,P100588,Retail Crossover,2025-05-28,6,Slots,Desktop,6,10,-1.85
S002805,P100588,Retail Crossover,2025-06-02,11,Sportsbook,Android App,48,139,-153.52
S002806,P100588,Retail Crossover,2025-06-04,13,Table Games,Desktop,51,146,117.83
S002807,P100588,Retail Crossover,2025-06-05,14,Table Games,Mobile Web,22,23,-64.1
S002808,P100588,Retail Crossover,2025-06-19,28,Slots,Android App,55,45,61.62
S002809,P100588,Retail Crossover,2025-06-21,30,Bingo,Desktop,23,52,190.36
S002810,P100589,Organic,2025-03-26,0,Slots,Android App,32,64,-153.07
S002811,P100589,Organic,2025-04-09,14,Bingo,Mobile Web,77,110,-60.21
S002812,P100589,Organic,2025-04-23,28,Slots,Mobile Web,55,27,25.04
S002813,P100590,Retail Crossover,2025-02-10,0,Sportsbook,Mobile Web,18,25,-15.99
S002814,P100590,Retail Crossover,2025-02-11,1,Bingo,Desktop,17,28,65.29
S002815,P100590,Retail Crossover,2025-02-25,15,Table Games,iOS App,23,57,-262.78
S002816,P100590,Retail Crossover,2025-02-27,17,Sportsbook,Android App,17,11,94.33
S002817,P100590,Retail Crossover,2025-03-07,25,Bingo,Mobile Web,23,9,7.33
S002818,P100591,Paid Search,2025-06-17,0,Sportsbook,Android App,34,51,-91.07
S002819,P100591,Paid Search,2025-06-19,2,Sportsbook,Mobile Web,9,27,3.73
S002820,P100591,Paid Search,2025-06-20,3,Table Games,Mobile Web,19,24,73.58
S002821,P100591,Paid Search,2025-06-21,4,Sportsbook,iOS App,7,4,-6.63
S002822,P100592,Paid Social,2025-04-06,0,Slots,Desktop,14,13,15.98
S002823,P100592,Paid Social,2025-04-20,14,Slots,Mobile Web,6,11,62.14
S002824,P100592,Paid Social,2025-04-21,15,Slots,Desktop,21,66,-44.71
S002825,P100592,Paid Social,2025-04-24,18,Table Games,iOS App,16,17,66.22
S002826,P100592,Paid Social,2025-04-29,23,Sportsbook,iOS App,5,3,0.31
S002827,P100592,Paid Social,2025-04-30,24,Live Dealer,Mobile Web,21,25,110.31
S002828,P100592,Paid Social,2025-05-08,32,Bingo,Android App,10,21,-21.83
S002829,P100593,Paid Search,2025-02-15,0,Bingo,Android App,10,16,5.02
S002830,P100593,Paid Search,2025-02-18,3,Slots,Mobile Web,6,2,0.33
S002831,P100594,Organic,2025-04-17,0,Table Games,Android App,8,12,-6.83
S002832,P100594,Organic,2025-04-22,5,Live Dealer,Desktop,10,12,-2.51
S002833,P100594,Organic,2025-05-06,19,Slots,Android App,16,37,-3.44
S002834,P100594,Organic,2025-05-11,24,Slots,Android App,14,38,113.91
S002835,P100594,Organic,2025-05-25,38,Bingo,Mobile Web,26,33,6.36
S002836,P100594,Organic,2025-05-28,41,Sportsbook,iOS App,23,16,14.91
S002837,P100594,Organic,2025-05-29,42,Slots,Desktop,23,17,-53.36
S002838,P100595,Paid Social,2025-06-07,0,Bingo,Desktop,17,39,14.99
S002839,P100596,Retail Crossover,2025-05-28,0,Sportsbook,Mobile Web,11,23,15.19
S002840,P100597,Paid Social,2025-02-20,0,Live Dealer,Android App,15,30,9.54
S002841,P100598,Paid Search,2025-05-08,0,Bingo,Android App,24,40,360.04
S002842,P100598,Paid Search,2025-05-09,1,Sportsbook,iOS App,13,10,-10.65
S002843,P100599,Paid Search,2025-02-10,0,Bingo,Android App,4,6,-5.82
S002844,P100599,Paid Search,2025-02-15,5,Live Dealer,Desktop,5,2,-0.72
S002845,P100599,Paid Search,2025-02-23,13,Live Dealer,Android App,14,10,24.2
S002846,P100599,Paid Search,2025-02-24,14,Bingo,Android App,9,23,72.82
S002847,P100599,Paid Search,2025-03-04,22,Slots,Mobile Web,47,20,-35.76
S002848,P100599,Paid Search,2025-03-05,23,Slots,iOS App,22,13,27.93
S002849,P100599,Paid Search,2025-03-08,26,Bingo,Mobile Web,34,43,40.89
S002850,P100599,Paid Search,2025-03-11,29,Live Dealer,iOS App,19,32,14.3
S002851,P100599,Paid Search,2025-03-13,31,Slots,iOS App,37,55,-92.91
S002852,P100599,Paid Search,2025-03-15,33,Slots,Mobile Web,6,7,-13.09
S002853,P100599,Paid Search,2025-03-29,47,Table Games,Mobile Web,15,32,-32.51
S002854,P100600,Affiliate,2025-06-08,0,Slots,iOS App,12,6,35.2
S002855,P100600,Affiliate,2025-06-09,1,Table Games,iOS App,20,11,-1.31
S002856,P100600,Affiliate,2025-06-11,3,Live Dealer,iOS App,22,55,-93.71
S002857,P100600,Affiliate,2025-06-19,11,Sportsbook,Android App,127,153,217.61
S002858,P100600,Affiliate,2025-06-20,12,Live Dealer,iOS App,13,8,-0.95
S002859,P100600,Affiliate,2025-06-22,14,Table Games,Android App,6,5,9.65
S002860,P100600,Affiliate,2025-06-27,19,Live Dealer,Mobile Web,21,61,153.65
S002861,P100600,Affiliate,2025-07-02,24,Table Games,Android App,8,21,95.77
S002862,P100601,Retail Crossover,2025-01-01,0,Live Dealer,Mobile Web,112,303,402.77
S002863,P100601,Retail Crossover,2025-01-15,14,Slots,Mobile Web,21,62,13.43
S002864,P100601,Retail Crossover,2025-01-16,15,Table Games,Desktop,13,20,9.1
S002865,P100602,Paid Search,2025-01-14,0,Sportsbook,iOS App,7,4,6.33
S002866,P100602,Paid Search,2025-01-19,5,Live Dealer,Android App,23,48,18.13
S002867,P100602,Paid Search,2025-02-02,19,Table Games,Android App,5,10,11.14
S002868,P100602,Paid Search,2025-02-05,22,Table Games,iOS App,26,20,122.56
S002869,P100602,Paid Search,2025-02-10,27,Live Dealer,Desktop,3,2,1.3
S002870,P100602,Paid Search,2025-02-18,35,Live Dealer,Android App,30,70,-8.67
S002871,P100602,Paid Search,2025-02-21,38,Sportsbook,Android App,20,56,-132.56
S002872,P100603,Paid Social,2025-01-12,0,Table Games,Desktop,26,23,65.36
S002873,P100603,Paid Social,2025-01-26,14,Bingo,Mobile Web,9,18,12.14
S002874,P100603,Paid Social,2025-01-29,17,Slots,Android App,72,70,260.52
S002875,P100604,Paid Social,2025-03-05,0,Live Dealer,Desktop,24,59,-116.58
S002876,P100604,Paid Social,2025-03-13,8,Live Dealer,Mobile Web,25,75,-32.68
S002877,P100604,Paid Social,2025-03-21,16,Bingo,Desktop,6,9,3.5
S002878,P100604,Paid Social,2025-03-24,19,Sportsbook,Mobile Web,60,145,-191.66
S002879,P100604,Paid Social,2025-03-25,20,Bingo,Android App,13,13,25.12
S002880,P100604,Paid Social,2025-03-26,21,Table Games,Android App,15,21,33.87
S002881,P100604,Paid Social,2025-03-29,24,Live Dealer,Android App,26,68,-21.61
S002882,P100604,Paid Social,2025-04-12,38,Slots,Android App,8,17,52.95
S002883,P100604,Paid Social,2025-04-13,39,Live Dealer,iOS App,62,83,-354.03
S002884,P100605,Affiliate,2025-03-15,0,Table Games,iOS App,20,17,43.76
S002885,P100605,Affiliate,2025-03-17,2,Table Games,iOS App,17,7,-8.62
S002886,P100605,Affiliate,2025-03-25,10,Bingo,Android App,26,63,287.44
S002887,P100606,Organic,2025-01-27,0,Table Games,Desktop,8,15,-11.99
S002888,P100606,Organic,2025-02-04,8,Sportsbook,iOS App,37,99,-515.24
S002889,P100606,Organic,2025-02-09,13,Bingo,Desktop,22,41,46.96
S002890,P100606,Organic,2025-02-11,15,Table Games,Desktop,11,28,100.54
S002891,P100606,Organic,2025-02-12,16,Table Games,Desktop,42,56,-3.16
S002892,P100607,Retail Crossover,2025-01-15,0,Bingo,Mobile Web,5,4,-1.19
S002893,P100608,Organic,2025-02-23,0,Sportsbook,Desktop,18,41,2.3
S002894,P100608,Organic,2025-03-03,8,Slots,Mobile Web,17,38,74.82
S002895,P100608,Organic,2025-03-04,9,Sportsbook,Mobile Web,108,249,-1224.77
S002896,P100608,Organic,2025-03-18,23,Slots,Desktop,6,17,147.84
S002897,P100608,Organic,2025-03-19,24,Live Dealer,Mobile Web,14,17,-29.11
S002898,P100609,Retail Crossover,2025-06-28,0,Slots,iOS App,29,63,280.03
S002899,P100610,Retail Crossover,2025-05-20,0,Table Games,Mobile Web,41,78,6.3
S002900,P100610,Retail Crossover,2025-05-21,1,Table Games,Desktop,25,32,-19.3
S002901,P100611,Retail Crossover,2025-03-18,0,Live Dealer,iOS App,15,7,0.55
S002902,P100612,Paid Search,2025-03-03,0,Bingo,Mobile Web,27,58,486.52
S002903,P100612,Paid Search,2025-03-04,1,Sportsbook,Android App,34,36,-6.82
S002904,P100613,Paid Search,2025-05-29,0,Slots,Android App,8,13,101.04
S002905,P100613,Paid Search,2025-06-01,3,Bingo,Android App,47,21,61.7
S002906,P100613,Paid Search,2025-06-02,4,Sportsbook,Desktop,31,25,77.28
S002907,P100613,Paid Search,2025-06-16,18,Bingo,Android App,21,31,1.64
S002908,P100613,Paid Search,2025-06-18,20,Table Games,Mobile Web,30,51,48.13
S002909,P100613,Paid Search,2025-06-26,28,Table Games,Android App,13,30,2.46
S002910,P100613,Paid Search,2025-06-27,29,Sportsbook,Mobile Web,106,173,-799.47
S002911,P100614,Paid Social,2025-05-29,0,Live Dealer,Mobile Web,7,7,-33.15
S002912,P100614,Paid Social,2025-05-31,2,Bingo,Android App,35,51,-26.97
S002913,P100614,Paid Social,2025-06-02,4,Table Games,iOS App,25,27,-119.54
S002914,P100614,Paid Social,2025-06-03,5,Slots,iOS App,38,73,141.47
S002915,P100614,Paid Social,2025-06-08,10,Slots,Desktop,22,63,-84.52
S002916,P100614,Paid Social,2025-06-16,18,Live Dealer,iOS App,40,84,-90.95
S002917,P100614,Paid Social,2025-06-24,26,Slots,iOS App,11,6,1.7
S002918,P100614,Paid Social,2025-06-29,31,Bingo,iOS App,12,13,4.63
S002919,P100614,Paid Social,2025-07-13,45,Table Games,Desktop,6,17,-69.04
S002920,P100614,Paid Social,2025-07-15,47,Bingo,Mobile Web,19,54,-329.76
S002921,P100614,Paid Social,2025-07-23,55,Table Games,Android App,9,11,-22.19
S002922,P100614,Paid Social,2025-07-31,63,Bingo,Desktop,9,3,26.48
S002923,P100615,Organic,2025-04-17,0,Table Games,Mobile Web,16,24,-14.82
S002924,P100616,Affiliate,2025-02-09,0,Slots,Mobile Web,12,20,75.4
S002925,P100616,Affiliate,2025-02-10,1,Slots,Mobile Web,38,66,-68.61
S002926,P100616,Affiliate,2025-02-12,3,Table Games,iOS App,17,43,4.17
S002927,P100616,Affiliate,2025-02-14,5,Live Dealer,Mobile Web,13,6,5.02
S002928,P100616,Affiliate,2025-02-16,7,Live Dealer,iOS App,41,21,-3.89
S002929,P100616,Affiliate,2025-02-18,9,Bingo,Android App,27,24,26.16
S002930,P100617,Paid Search,2025-01-09,0,Sportsbook,Mobile Web,21,32,-306.21
S002931,P100617,Paid Search,2025-01-23,14,Table Games,Desktop,67,100,-24.44
S002932,P100618,Paid Social,2025-06-06,0,Slots,Desktop,6,9,0.73
S002933,P100618,Paid Social,2025-06-14,8,Sportsbook,Mobile Web,12,22,-58.42
S002934,P100619,Paid Search,2025-04-07,0,Bingo,Mobile Web,30,23,-112.11
S002935,P100619,Paid Search,2025-04-10,3,Bingo,Android App,46,73,355.92
S002936,P100619,Paid Search,2025-04-13,6,Bingo,iOS App,37,43,180.59
S002937,P100619,Paid Search,2025-04-21,14,Live Dealer,Android App,18,32,-62.72
S002938,P100619,Paid Search,2025-04-23,16,Live Dealer,Android App,22,20,35.24
S002939,P100619,Paid Search,2025-04-28,21,Table Games,Mobile Web,37,98,486.85
S002940,P100620,Affiliate,2025-04-14,0,Live Dealer,iOS App,74,224,-1145.1
S002941,P100621,Paid Social,2025-04-24,0,Bingo,iOS App,21,66,-178.02
S002942,P100621,Paid Social,2025-05-08,14,Table Games,Android App,27,11,37.9
S002943,P100621,Paid Social,2025-05-09,15,Live Dealer,Desktop,11,9,-62.75
S002944,P100622,Paid Search,2025-04-19,0,Table Games,Mobile Web,33,31,2.35
S002945,P100622,Paid Search,2025-04-24,5,Sportsbook,iOS App,20,13,3.18
S002946,P100622,Paid Search,2025-04-26,7,Slots,Android App,23,25,33.8
S002947,P100622,Paid Search,2025-04-28,9,Live Dealer,Android App,28,82,-54.85
S002948,P100622,Paid Search,2025-05-12,23,Sportsbook,Android App,11,25,-16.25
S002949,P100622,Paid Search,2025-05-15,26,Live Dealer,Mobile Web,12,32,-39.22
S002950,P100622,Paid Search,2025-05-20,31,Table Games,iOS App,14,8,2.75
S002951,P100622,Paid Search,2025-05-22,33,Slots,iOS App,54,82,-2.62
S002952,P100622,Paid Search,2025-05-25,36,Live Dealer,iOS App,79,236,181.81
S002953,P100622,Paid Search,2025-05-28,39,Bingo,iOS App,26,76,11.24
S002954,P100622,Paid Search,2025-05-31,42,Sportsbook,iOS App,11,8,1.2
S002955,P100622,Paid Search,2025-06-01,43,Slots,Desktop,7,4,-29.23
S002956,P100622,Paid Search,2025-06-06,48,Sportsbook,iOS App,20,62,-42.32
S002957,P100622,Paid Search,2025-06-07,49,Live Dealer,Desktop,14,39,34.89
S002958,P100622,Paid Search,2025-06-08,50,Table Games,Mobile Web,62,100,218.95
S002959,P100622,Paid Search,2025-06-22,64,Sportsbook,Android App,15,37,167.46
S002960,P100622,Paid Search,2025-07-06,78,Live Dealer,iOS App,11,7,3.37
S002961,P100623,Paid Search,2025-04-06,0,Live Dealer,Android App,6,10,-1.84
S002962,P100623,Paid Search,2025-04-07,1,Sportsbook,Desktop,30,51,50.84
S002963,P100624,Affiliate,2025-03-31,0,Table Games,Mobile Web,93,152,186.56
S002964,P100624,Affiliate,2025-04-01,1,Table Games,Desktop,32,60,34.87
S002965,P100624,Affiliate,2025-04-09,9,Table Games,Android App,10,26,-24.4
S002966,P100624,Affiliate,2025-04-23,23,Live Dealer,iOS App,20,41,-18.26
S002967,P100624,Affiliate,2025-04-24,24,Live Dealer,Android App,15,24,27.22
S002968,P100625,Paid Search,2025-03-19,0,Bingo,iOS App,32,97,245.7
S002969,P100625,Paid Search,2025-03-22,3,Live Dealer,Android App,22,30,31.48
S002970,P100625,Paid Search,2025-03-25,6,Live Dealer,Android App,100,42,-77.93
S002971,P100625,Paid Search,2025-03-30,11,Live Dealer,Desktop,25,20,3.08
S002972,P100625,Paid Search,2025-04-01,13,Live Dealer,Android App,23,27,50.35
S002973,P100626,Organic,2025-06-28,0,Live Dealer,Android App,14,40,-60.79
S002974,P100627,Paid Social,2025-03-03,0,Bingo,Android App,14,39,86.01
S002975,P100627,Paid Social,2025-03-04,1,Bingo,Desktop,11,8,-30.28
S002976,P100627,Paid Social,2025-03-18,15,Table Games,Android App,27,77,458.04
S002977,P100627,Paid Social,2025-03-21,18,Bingo,Desktop,11,33,-47.86
S002978,P100627,Paid Social,2025-03-23,20,Table Games,Mobile Web,9,8,-21.42
S002979,P100627,Paid Social,2025-04-06,34,Slots,Mobile Web,84,52,121.93
S002980,P100627,Paid Social,2025-04-08,36,Bingo,iOS App,38,39,-28.87
S002981,P100627,Paid Social,2025-04-11,39,Live Dealer,iOS App,43,84,193.53
S002982,P100627,Paid Social,2025-04-16,44,Sportsbook,Mobile Web,8,4,-12.32
S002983,P100627,Paid Social,2025-04-19,47,Sportsbook,Android App,4,10,-8.59
S002984,P100628,Retail Crossover,2025-05-29,0,Bingo,Mobile Web,7,15,6.27
S002985,P100628,Retail Crossover,2025-06-03,5,Sportsbook,Android App,35,83,-710.01
S002986,P100628,Retail Crossover,2025-06-04,6,Table Games,Mobile Web,41,40,87.96
S002987,P100628,Retail Crossover,2025-06-07,9,Table Games,Mobile Web,9,15,-30.46
S002988,P100628,Retail Crossover,2025-06-10,12,Sportsbook,Android App,22,40,56.17
S002989,P100628,Retail Crossover,2025-06-13,15,Table Games,Desktop,61,184,161.43
S002990,P100628,Retail Crossover,2025-06-14,16,Bingo,Desktop,9,24,102.2
S002991,P100628,Retail Crossover,2025-06-17,19,Sportsbook,iOS App,18,13,4.23
S002992,P100628,Retail Crossover,2025-06-25,27,Sportsbook,iOS App,4,11,31.73
S002993,P100628,Retail Crossover,2025-06-27,29,Slots,Desktop,13,18,-8.76
S002994,P100628,Retail Crossover,2025-07-11,43,Sportsbook,Desktop,51,72,-205.68
S002995,P100628,Retail Crossover,2025-07-25,57,Live Dealer,iOS App,18,17,-64.96
S002996,P100628,Retail Crossover,2025-07-28,60,Sportsbook,Desktop,6,6,19.89
S002997,P100628,Retail Crossover,2025-07-29,61,Sportsbook,Desktop,9,27,10.95
S002998,P100628,Retail Crossover,2025-07-30,62,Bingo,iOS App,46,81,133.22
S002999,P100628,Retail Crossover,2025-08-04,67,Sportsbook,Android App,12,23,0.8
S003000,P100628,Retail Crossover,2025-08-12,75,Sportsbook,Mobile Web,38,87,-257.69
S003001,P100628,Retail Crossover,2025-08-14,77,Table Games,Android App,11,17,-119.22
S003002,P100628,Retail Crossover,2025-08-19,82,Bingo,iOS App,28,67,-99.23
S003003,P100628,Retail Crossover,2025-08-20,83,Slots,Android App,10,10,45.99
S003004,P100628,Retail Crossover,2025-08-21,84,Live Dealer,Android App,14,22,0.06
S003005,P100628,Retail Crossover,2025-09-04,98,Bingo,Mobile Web,26,31,-15.79
S003006,P100628,Retail Crossover,2025-09-05,99,Live Dealer,iOS App,33,21,55.05
S003007,P100628,Retail Crossover,2025-09-08,102,Live Dealer,Mobile Web,5,15,-17.97
S003008,P100628,Retail Crossover,2025-09-10,104,Sportsbook,Android App,13,29,-32.26
S003009,P100628,Retail Crossover,2025-09-15,109,Slots,Desktop,27,62,-15.69
S003010,P100628,Retail Crossover,2025-09-17,111,Live Dealer,Desktop,6,5,-6.69
S003011,P100628,Retail Crossover,2025-10-01,125,Bingo,Mobile Web,37,96,34.04
S003012,P100628,Retail Crossover,2025-10-06,130,Slots,iOS App,53,148,463.43
S003013,P100628,Retail Crossover,2025-10-09,133,Table Games,Desktop,7,10,1.22
S003014,P100629,Paid Social,2025-02-28,0,Bingo,Desktop,22,26,63.11
S003015,P100629,Paid Social,2025-03-08,8,Live Dealer,Android App,17,41,42.83
S003016,P100629,Paid Social,2025-03-22,22,Slots,Mobile Web,99,195,62.0
S003017,P100630,Affiliate,2025-01-05,0,Slots,Desktop,8,21,21.83
S003018,P100630,Affiliate,2025-01-19,14,Table Games,Android App,29,36,117.26
S003019,P100630,Affiliate,2025-01-20,15,Table Games,Android App,26,17,-0.83
S003020,P100630,Affiliate,2025-01-25,20,Table Games,Android App,25,24,1.4
S003021,P100630,Affiliate,2025-02-08,34,Live Dealer,iOS App,15,36,-143.0
S003022,P100630,Affiliate,2025-02-16,42,Live Dealer,Desktop,12,28,44.66
S003023,P100630,Affiliate,2025-02-17,43,Live Dealer,Android App,49,99,-283.0
S003024,P100630,Affiliate,2025-02-18,44,Bingo,Android App,19,47,-104.75
S003025,P100630,Affiliate,2025-02-20,46,Bingo,iOS App,17,18,84.47
S003026,P100630,Affiliate,2025-02-22,48,Live Dealer,iOS App,9,7,-21.19
S003027,P100630,Affiliate,2025-02-23,49,Table Games,Mobile Web,10,5,-35.29
S003028,P100630,Affiliate,2025-02-25,51,Bingo,Mobile Web,10,25,-85.55
S003029,P100630,Affiliate,2025-03-05,59,Table Games,Android App,17,38,113.1
S003030,P100631,Paid Social,2025-02-07,0,Live Dealer,Desktop,25,53,-108.38
S003031,P100631,Paid Social,2025-02-21,14,Sportsbook,iOS App,30,21,-159.97
S003032,P100632,Organic,2025-03-25,0,Bingo,Mobile Web,42,96,15.63
S003033,P100633,Affiliate,2025-03-03,0,Sportsbook,Android App,9,8,109.74
S003034,P100634,Paid Social,2025-01-30,0,Sportsbook,Desktop,10,11,96.49
S003035,P100635,Paid Search,2025-05-30,0,Slots,iOS App,34,15,-48.95
S003036,P100636,Paid Social,2025-04-22,0,Bingo,iOS App,20,39,-132.62
S003037,P100636,Paid Social,2025-04-23,1,Bingo,Mobile Web,7,11,-46.05
S003038,P100636,Paid Social,2025-05-07,15,Sportsbook,iOS App,6,5,13.67
S003039,P100636,Paid Social,2025-05-09,17,Live Dealer,Mobile Web,9,17,-0.89
S003040,P100636,Paid Social,2025-05-23,31,Sportsbook,Desktop,51,82,-12.4
S003041,P100636,Paid Social,2025-05-25,33,Live Dealer,Android App,47,61,137.44
S003042,P100636,Paid Social,2025-05-26,34,Sportsbook,Android App,6,12,-10.44
S003043,P100636,Paid Social,2025-05-31,39,Live Dealer,Desktop,26,73,16.48
S003044,P100636,Paid Social,2025-06-05,44,Slots,Android App,47,31,101.3
S003045,P100636,Paid Social,2025-06-07,46,Bingo,Mobile Web,8,23,-15.15
S003046,P100636,Paid Social,2025-06-08,47,Sportsbook,Desktop,16,33,102.52
S003047,P100636,Paid Social,2025-06-10,49,Live Dealer,Desktop,11,13,-40.7
S003048,P100636,Paid Social,2025-06-12,51,Table Games,Android App,14,19,-5.81
S003049,P100636,Paid Social,2025-06-17,56,Table Games,Mobile Web,36,78,56.39
S003050,P100636,Paid Social,2025-06-19,58,Slots,iOS App,18,11,0.69
S003051,P100636,Paid Social,2025-06-24,63,Bingo,iOS App,37,112,410.04
S003052,P100636,Paid Social,2025-06-27,66,Table Games,Mobile Web,85,265,-219.48
S003053,P100636,Paid Social,2025-06-28,67,Table Games,Android App,67,159,388.27
S003054,P100636,Paid Social,2025-07-12,81,Live Dealer,Android App,10,26,0.14
S003055,P100636,Paid Social,2025-07-15,84,Slots,Desktop,20,57,135.81
S003056,P100636,Paid Social,2025-07-23,92,Slots,Mobile Web,27,78,363.47
S003057,P100637,Affiliate,2025-04-06,0,Live Dealer,Android App,17,35,12.49
S003058,P100637,Affiliate,2025-04-08,2,Sportsbook,Desktop,22,23,-77.98
S003059,P100637,Affiliate,2025-04-22,16,Bingo,Desktop,18,48,-14.37
S003060,P100637,Affiliate,2025-04-23,17,Bingo,Mobile Web,24,37,-10.96
S003061,P100638,Organic,2025-04-07,0,Sportsbook,Android App,27,84,96.2
S003062,P100638,Organic,2025-04-08,1,Live Dealer,iOS App,12,22,32.56
S003063,P100639,Organic,2025-01-01,0,Bingo,Desktop,43,59,33.22
S003064,P100639,Organic,2025-01-06,5,Bingo,iOS App,43,27,11.48
S003065,P100639,Organic,2025-01-07,6,Sportsbook,Desktop,14,42,11.01
S003066,P100640,Paid Search,2025-03-18,0,Bingo,Android App,9,21,-30.36
S003067,P100640,Paid Search,2025-03-20,2,Sportsbook,iOS App,3,8,-6.57
S003068,P100640,Paid Search,2025-04-03,16,Slots,iOS App,45,44,-11.1
S003069,P100640,Paid Search,2025-04-05,18,Slots,iOS App,7,17,27.81
S003070,P100640,Paid Search,2025-04-08,21,Table Games,Mobile Web,6,5,59.18
S003071,P100640,Paid Search,2025-04-09,22,Slots,Desktop,5,10,-17.91
S003072,P100640,Paid Search,2025-04-11,24,Live Dealer,Mobile Web,25,46,-29.71
S003073,P100640,Paid Search,2025-04-12,25,Sportsbook,Mobile Web,19,29,-49.58
S003074,P100640,Paid Search,2025-04-14,27,Bingo,iOS App,15,35,-14.89
S003075,P100640,Paid Search,2025-04-15,28,Table Games,Android App,42,92,-186.11
S003076,P100640,Paid Search,2025-04-29,42,Slots,Desktop,9,5,24.28
S003077,P100640,Paid Search,2025-05-13,56,Bingo,Desktop,23,54,502.68
S003078,P100640,Paid Search,2025-05-14,57,Sportsbook,iOS App,28,49,-13.06
S003079,P100640,Paid Search,2025-05-16,59,Slots,Desktop,17,52,-27.95
S003080,P100640,Paid Search,2025-05-19,62,Table Games,Mobile Web,20,17,-38.19
S003081,P100640,Paid Search,2025-05-20,63,Sportsbook,Desktop,11,8,-4.36
S003082,P100640,Paid Search,2025-05-23,66,Sportsbook,Desktop,5,4,1.65
S003083,P100641,Paid Social,2025-05-04,0,Bingo,Mobile Web,14,14,13.85
S003084,P100641,Paid Social,2025-05-06,2,Bingo,Android App,56,59,71.7
S003085,P100641,Paid Social,2025-05-08,4,Table Games,Desktop,13,6,9.01
S003086,P100641,Paid Social,2025-05-09,5,Slots,Mobile Web,34,85,210.47
S003087,P100641,Paid Social,2025-05-17,13,Table Games,Desktop,31,26,41.93
S003088,P100642,Retail Crossover,2025-02-07,0,Live Dealer,Android App,32,49,23.63
S003089,P100642,Retail Crossover,2025-02-09,2,Sportsbook,Mobile Web,67,156,305.16
S003090,P100643,Retail Crossover,2025-01-28,0,Sportsbook,Desktop,9,13,-4.77
S003091,P100644,Retail Crossover,2025-06-21,0,Slots,Mobile Web,7,15,11.86
S003092,P100645,Organic,2025-05-11,0,Slots,Desktop,10,22,62.16
S003093,P100646,Retail Crossover,2025-05-19,0,Live Dealer,Desktop,68,202,-783.03
S003094,P100647,Affiliate,2025-05-08,0,Slots,Desktop,47,55,131.29
S003095,P100648,Affiliate,2025-01-21,0,Slots,Mobile Web,16,33,-4.58
S003096,P100648,Affiliate,2025-02-04,14,Table Games,Mobile Web,8,17,-21.87
S003097,P100648,Affiliate,2025-02-09,19,Sportsbook,iOS App,11,19,16.79
S003098,P100648,Affiliate,2025-02-17,27,Sportsbook,Mobile Web,45,79,-225.58
S003099,P100648,Affiliate,2025-02-22,32,Sportsbook,iOS App,40,46,34.36
S003100,P100648,Affiliate,2025-03-02,40,Slots,Mobile Web,96,39,72.08
S003101,P100648,Affiliate,2025-03-05,43,Live Dealer,Android App,65,78,-67.11
S003102,P100648,Affiliate,2025-03-07,45,Table Games,iOS App,33,19,148.44
S003103,P100648,Affiliate,2025-03-10,48,Bingo,iOS App,15,24,85.16
S003104,P100648,Affiliate,2025-03-18,56,Table Games,Mobile Web,39,50,-36.56
S003105,P100648,Affiliate,2025-03-19,57,Live Dealer,Android App,7,13,4.85
S003106,P100648,Affiliate,2025-03-22,60,Table Games,Desktop,20,38,16.53
S003107,P100648,Affiliate,2025-04-05,74,Table Games,Android App,8,15,-59.28
S003108,P100648,Affiliate,2025-04-06,75,Bingo,iOS App,62,55,-121.61
S003109,P100648,Affiliate,2025-04-09,78,Slots,iOS App,9,26,313.56
S003110,P100648,Affiliate,2025-04-17,86,Table Games,Mobile Web,31,71,-323.54
S003111,P100648,Affiliate,2025-04-22,91,Table Games,Desktop,30,95,-548.72
S003112,P100648,Affiliate,2025-05-06,105,Live Dealer,Desktop,24,42,111.53
S003113,P100648,Affiliate,2025-05-07,106,Live Dealer,Mobile Web,31,35,73.43
S003114,P100649,Paid Social,2025-04-29,0,Table Games,iOS App,11,17,42.51
S003115,P100649,Paid Social,2025-05-01,2,Slots,Mobile Web,14,35,23.23
S003116,P100649,Paid Social,2025-05-04,5,Sportsbook,iOS App,25,33,1.19
S003117,P100650,Paid Search,2025-05-24,0,Slots,iOS App,39,83,333.21
S003118,P100650,Paid Search,2025-05-27,3,Sportsbook,Mobile Web,19,54,-361.76
S003119,P100650,Paid Search,2025-05-28,4,Slots,Android App,11,31,133.84
S003120,P100651,Paid Search,2025-01-03,0,Sportsbook,Mobile Web,34,20,40.56
S003121,P100651,Paid Search,2025-01-06,3,Sportsbook,Mobile Web,35,90,78.68
S003122,P100652,Paid Search,2025-02-23,0,Sportsbook,iOS App,10,21,23.81
S003123,P100652,Paid Search,2025-02-28,5,Slots,Android App,17,53,37.31
S003124,P100653,Affiliate,2025-02-11,0,Live Dealer,iOS App,67,139,7.91
S003125,P100654,Paid Social,2025-03-08,0,Bingo,Mobile Web,6,14,120.03
S003126,P100654,Paid Social,2025-03-11,3,Slots,iOS App,3,4,-7.77
S003127,P100654,Paid Social,2025-03-13,5,Bingo,iOS App,39,118,-13.0
S003128,P100654,Paid Social,2025-03-15,7,Slots,Desktop,53,54,-125.08
S003129,P100655,Paid Search,2025-04-15,0,Bingo,Desktop,25,14,9.25
S003130,P100655,Paid Search,2025-04-29,14,Bingo,Mobile Web,16,14,-5.63
S003131,P100655,Paid Search,2025-05-01,16,Bingo,Desktop,17,53,31.56
S003132,P100656,Affiliate,2025-04-12,0,Live Dealer,Mobile Web,22,31,63.47
S003133,P100656,Affiliate,2025-04-17,5,Live Dealer,Desktop,22,50,29.52
S003134,P100657,Paid Social,2025-04-11,0,Live Dealer,Desktop,15,39,-26.87
S003135,P100657,Paid Social,2025-04-14,3,Sportsbook,iOS App,27,34,5.18
S003136,P100658,Paid Search,2025-02-02,0,Live Dealer,Android App,12,32,73.8
S003137,P100659,Paid Social,2025-06-23,0,Live Dealer,iOS App,21,64,40.19
S003138,P100659,Paid Social,2025-06-24,1,Sportsbook,Desktop,39,118,821.91
S003139,P100660,Organic,2025-05-21,0,Live Dealer,Android App,26,68,-12.09
S003140,P100661,Retail Crossover,2025-04-27,0,Table Games,Android App,23,32,70.21
S003141,P100662,Organic,2025-05-10,0,Table Games,Desktop,12,19,-61.72
S003142,P100663,Organic,2025-05-02,0,Bingo,Mobile Web,3,6,-0.44
S003143,P100663,Organic,2025-05-04,2,Bingo,Android App,14,40,-165.43
S003144,P100664,Retail Crossover,2025-03-20,0,Bingo,Mobile Web,40,23,110.81
S003145,P100664,Retail Crossover,2025-03-21,1,Bingo,Android App,4,5,14.47
S003146,P100664,Retail Crossover,2025-03-22,2,Bingo,iOS App,71,177,41.12
S003147,P100664,Retail Crossover,2025-03-25,5,Bingo,Android App,13,10,58.87
S003148,P100664,Retail Crossover,2025-04-02,13,Sportsbook,Android App,14,11,16.37
S003149,P100664,Retail Crossover,2025-04-05,16,Bingo,Android App,19,50,205.74
S003150,P100664,Retail Crossover,2025-04-06,17,Sportsbook,Desktop,11,24,35.6
S003151,P100665,Organic,2025-02-15,0,Table Games,iOS App,11,6,28.94
S003152,P100665,Organic,2025-02-16,1,Live Dealer,Desktop,6,16,9.72
S003153,P100666,Paid Search,2025-01-19,0,Table Games,Desktop,13,36,-383.26
S003154,P100667,Retail Crossover,2025-05-13,0,Slots,Mobile Web,25,73,290.63
S003155,P100667,Retail Crossover,2025-05-18,5,Slots,Desktop,19,43,-48.29
S003156,P100667,Retail Crossover,2025-05-23,10,Slots,Desktop,10,10,7.57
S003157,P100667,Retail Crossover,2025-05-25,12,Table Games,Desktop,12,33,37.83
S003158,P100667,Retail Crossover,2025-05-26,13,Bingo,Mobile Web,43,117,324.01
S003159,P100667,Retail Crossover,2025-06-03,21,Bingo,Android App,22,10,41.45
S003160,P100668,Organic,2025-04-11,0,Sportsbook,Android App,25,54,335.62
S003161,P100669,Organic,2025-02-13,0,Slots,Mobile Web,26,74,1.34
S003162,P100670,Paid Social,2025-03-10,0,Bingo,Android App,28,18,-5.21
S003163,P100670,Paid Social,2025-03-15,5,Sportsbook,Mobile Web,15,44,31.27
S003164,P100671,Paid Search,2025-01-22,0,Table Games,Android App,7,4,-14.79
S003165,P100671,Paid Search,2025-01-25,3,Bingo,Mobile Web,9,25,42.17
S003166,P100671,Paid Search,2025-02-02,11,Live Dealer,Android App,6,18,18.35
S003167,P100671,Paid Search,2025-02-03,12,Slots,Desktop,4,7,23.32
S003168,P100671,Paid Search,2025-02-11,20,Table Games,Desktop,34,57,142.12
S003169,P100671,Paid Search,2025-02-12,21,Slots,Desktop,49,116,-312.26
S003170,P100671,Paid Search,2025-02-17,26,Slots,Android App,17,43,-157.72
S003171,P100671,Paid Search,2025-02-19,28,Table Games,Android App,50,131,527.9
S003172,P100671,Paid Search,2025-02-24,33,Table Games,Android App,91,42,90.85
S003173,P100671,Paid Search,2025-02-25,34,Bingo,Mobile Web,17,52,-25.34
S003174,P100671,Paid Search,2025-02-26,35,Slots,Mobile Web,11,25,-10.76
S003175,P100672,Organic,2025-06-05,0,Table Games,Mobile Web,91,159,117.88
S003176,P100673,Paid Search,2025-06-30,0,Live Dealer,Desktop,15,16,3.47
S003177,P100673,Paid Search,2025-07-01,1,Slots,Android App,52,57,-152.45
S003178,P100673,Paid Search,2025-07-03,3,Bingo,Mobile Web,61,172,67.25
S003179,P100673,Paid Search,2025-07-04,4,Slots,Android App,35,111,-20.15
S003180,P100674,Retail Crossover,2025-02-12,0,Table Games,Android App,11,29,-39.74
S003181,P100675,Retail Crossover,2025-02-23,0,Bingo,Android App,38,74,7.98
S003182,P100675,Retail Crossover,2025-02-24,1,Bingo,iOS App,35,84,-311.47
S003183,P100675,Retail Crossover,2025-03-01,6,Sportsbook,Android App,19,54,139.43
S003184,P100676,Paid Search,2025-06-12,0,Table Games,Desktop,35,93,12.16
S003185,P100677,Retail Crossover,2025-01-15,0,Table Games,iOS App,14,10,5.37
S003186,P100677,Retail Crossover,2025-01-17,2,Sportsbook,Mobile Web,20,15,14.9
S003187,P100677,Retail Crossover,2025-01-18,3,Table Games,iOS App,25,17,114.67
S003188,P100678,Organic,2025-03-03,0,Slots,Desktop,20,30,60.46
S003189,P100678,Organic,2025-03-04,1,Bingo,Mobile Web,19,50,30.84
S003190,P100679,Paid Search,2025-04-14,0,Bingo,iOS App,69,174,-20.63
S003191,P100679,Paid Search,2025-04-16,2,Slots,Android App,27,49,108.96
S003192,P100680,Paid Social,2025-02-09,0,Bingo,Android App,17,25,275.32
S003193,P100681,Retail Crossover,2025-04-26,0,Table Games,iOS App,86,260,566.9
S003194,P100681,Retail Crossover,2025-04-29,3,Table Games,iOS App,47,20,-18.38
S003195,P100682,Affiliate,2025-02-22,0,Table Games,Mobile Web,16,9,6.87
S003196,P100683,Retail Crossover,2025-03-24,0,Sportsbook,iOS App,5,6,-3.05
S003197,P100683,Retail Crossover,2025-03-29,5,Bingo,Android App,33,15,6.98
S003198,P100683,Retail Crossover,2025-04-01,8,Sportsbook,Desktop,7,7,24.79
S003199,P100684,Retail Crossover,2025-02-19,0,Sportsbook,Desktop,36,82,-369.72
S003200,P100684,Retail Crossover,2025-03-05,14,Live Dealer,iOS App,28,15,-1.71
S003201,P100684,Retail Crossover,2025-03-06,15,Bingo,Desktop,15,22,-68.34
S003202,P100684,Retail Crossover,2025-03-07,16,Bingo,iOS App,11,29,32.12
S003203,P100685,Retail Crossover,2025-05-28,0,Sportsbook,Mobile Web,13,30,37.82
S003204,P100685,Retail Crossover,2025-05-30,2,Live Dealer,Desktop,24,75,89.55
S003205,P100685,Retail Crossover,2025-06-01,4,Table Games,Android App,19,16,-28.66
S003206,P100685,Retail Crossover,2025-06-02,5,Live Dealer,iOS App,29,91,-17.28
S003207,P100685,Retail Crossover,2025-06-05,8,Bingo,iOS App,9,22,5.22
S003208,P100686,Affiliate,2025-06-08,0,Sportsbook,Desktop,25,40,-68.73
S003209,P100686,Affiliate,2025-06-13,5,Live Dealer,Android App,22,8,-32.84
S003210,P100686,Affiliate,2025-06-18,10,Table Games,Android App,6,14,-35.66
S003211,P100687,Organic,2025-03-12,0,Bingo,Mobile Web,10,11,-7.77
S003212,P100687,Organic,2025-03-14,2,Sportsbook,Mobile Web,14,41,-156.61
S003213,P100687,Organic,2025-03-19,7,Live Dealer,iOS App,4,8,-2.42
S003214,P100687,Organic,2025-03-24,12,Live Dealer,iOS App,28,54,146.24
S003215,P100687,Organic,2025-04-01,20,Slots,Desktop,12,37,459.86
S003216,P100688,Retail Crossover,2025-02-03,0,Live Dealer,iOS App,18,29,-62.31
S003217,P100688,Retail Crossover,2025-02-04,1,Slots,Android App,19,27,-12.05
S003218,P100689,Retail Crossover,2025-06-30,0,Live Dealer,Desktop,56,41,43.73
S003219,P100690,Paid Social,2025-03-09,0,Table Games,iOS App,12,28,3.06
S003220,P100690,Paid Social,2025-03-17,8,Live Dealer,Mobile Web,26,74,196.12
S003221,P100690,Paid Social,2025-03-25,16,Sportsbook,Mobile Web,13,32,7.37
S003222,P100690,Paid Social,2025-03-27,18,Table Games,iOS App,6,5,-5.57
S003223,P100690,Paid Social,2025-03-30,21,Table Games,iOS App,26,76,184.69
S003224,P100690,Paid Social,2025-04-01,23,Live Dealer,iOS App,24,46,209.18
S003225,P100690,Paid Social,2025-04-02,24,Slots,Mobile Web,6,14,-1.48
S003226,P100690,Paid Social,2025-04-07,29,Sportsbook,iOS App,13,33,-59.61
S003227,P100690,Paid Social,2025-04-08,30,Bingo,Mobile Web,25,38,-37.36
S003228,P100691,Paid Social,2025-01-25,0,Live Dealer,Mobile Web,40,76,8.09
S003229,P100691,Paid Social,2025-02-02,8,Slots,Android App,34,78,-348.29
S003230,P100691,Paid Social,2025-02-03,9,Bingo,Android App,21,12,-26.87
S003231,P100691,Paid Social,2025-02-04,10,Bingo,Mobile Web,4,10,75.31
S003232,P100692,Paid Search,2025-06-14,0,Live Dealer,iOS App,30,80,1.67
S003233,P100692,Paid Search,2025-06-15,1,Live Dealer,Desktop,11,8,-7.02
S003234,P100692,Paid Search,2025-06-16,2,Table Games,Mobile Web,33,50,-83.05
S003235,P100692,Paid Search,2025-06-30,16,Table Games,Desktop,15,16,118.05
S003236,P100692,Paid Search,2025-07-02,18,Live Dealer,Android App,22,41,-15.24
S003237,P100692,Paid Search,2025-07-05,21,Sportsbook,Desktop,19,34,40.78
S003238,P100692,Paid Search,2025-07-06,22,Live Dealer,Android App,10,16,-47.72
S003239,P100692,Paid Search,2025-07-07,23,Bingo,iOS App,11,6,3.09
S003240,P100692,Paid Search,2025-07-09,25,Table Games,Desktop,18,56,-255.43
S003241,P100692,Paid Search,2025-07-12,28,Sportsbook,Mobile Web,13,36,48.51
S003242,P100692,Paid Search,2025-07-20,36,Table Games,Android App,11,6,-6.04
S003243,P100692,Paid Search,2025-07-28,44,Bingo,Mobile Web,7,9,-10.24
S003244,P100692,Paid Search,2025-08-05,52,Live Dealer,iOS App,41,29,-138.69
S003245,P100692,Paid Search,2025-08-10,57,Sportsbook,Android App,12,24,125.99
S003246,P100692,Paid Search,2025-08-13,60,Sportsbook,Android App,27,69,16.4
S003247,P100692,Paid Search,2025-08-18,65,Table Games,iOS App,8,12,-3.98
S003248,P100692,Paid Search,2025-08-23,70,Live Dealer,Desktop,51,126,15.94
S003249,P100693,Paid Search,2025-01-03,0,Live Dealer,iOS App,38,93,217.96
S003250,P100693,Paid Search,2025-01-08,5,Table Games,Desktop,45,116,-202.62
S003251,P100694,Retail Crossover,2025-04-20,0,Live Dealer,Mobile Web,45,102,564.25
S003252,P100694,Retail Crossover,2025-04-21,1,Slots,Android App,87,256,361.2
S003253,P100694,Retail Crossover,2025-04-24,4,Bingo,Desktop,3,9,2.72
S003254,P100694,Retail Crossover,2025-05-02,12,Bingo,Desktop,51,117,62.76
S003255,P100694,Retail Crossover,2025-05-16,26,Bingo,Mobile Web,28,38,0.23
S003256,P100695,Retail Crossover,2025-05-13,0,Slots,Desktop,4,11,20.57
S003257,P100695,Retail Crossover,2025-05-16,3,Slots,Mobile Web,12,13,17.23
S003258,P100695,Retail Crossover,2025-05-21,8,Slots,Desktop,14,7,-31.54
S003259,P100696,Organic,2025-01-27,0,Bingo,Android App,72,208,189.98
S003260,P100697,Affiliate,2025-05-19,0,Table Games,Mobile Web,8,9,-20.91
S003261,P100698,Retail Crossover,2025-02-25,0,Sportsbook,Mobile Web,21,50,212.77
S003262,P100698,Retail Crossover,2025-03-02,5,Bingo,iOS App,58,65,543.68
S003263,P100698,Retail Crossover,2025-03-10,13,Live Dealer,Mobile Web,12,23,117.35
S003264,P100699,Retail Crossover,2025-01-25,0,Live Dealer,Mobile Web,6,7,8.66
S003265,P100699,Retail Crossover,2025-01-27,2,Bingo,Desktop,15,35,-27.75
S003266,P100699,Retail Crossover,2025-02-01,7,Live Dealer,Desktop,54,41,-21.94
S003267,P100699,Retail Crossover,2025-02-02,8,Bingo,Android App,25,13,43.41
S003268,P100700,Retail Crossover,2025-06-30,0,Bingo,Desktop,38,71,-308.96
S003269,P100700,Retail Crossover,2025-07-01,1,Live Dealer,Android App,10,25,79.58
S003270,P100701,Organic,2025-01-04,0,Sportsbook,Android App,54,79,-526.72
S003271,P100701,Organic,2025-01-05,1,Table Games,Desktop,44,30,124.69
S003272,P100701,Organic,2025-01-13,9,Bingo,Desktop,13,29,-51.37
S003273,P100701,Organic,2025-01-15,11,Live Dealer,Android App,28,55,-269.3
S003274,P100701,Organic,2025-01-16,12,Bingo,Desktop,34,24,95.54
S003275,P100701,Organic,2025-01-21,17,Live Dealer,Desktop,24,43,35.55
S003276,P100701,Organic,2025-01-22,18,Bingo,iOS App,28,47,7.27
S003277,P100701,Organic,2025-01-25,21,Slots,iOS App,29,45,48.01
S003278,P100701,Organic,2025-01-30,26,Sportsbook,Mobile Web,9,6,20.28
S003279,P100701,Organic,2025-02-13,40,Sportsbook,Mobile Web,6,3,6.13
S003280,P100701,Organic,2025-02-16,43,Bingo,Desktop,28,42,-68.09
S003281,P100701,Organic,2025-02-18,45,Table Games,Mobile Web,13,8,7.57
S003282,P100701,Organic,2025-02-26,53,Slots,Mobile Web,16,9,7.07
S003283,P100701,Organic,2025-03-01,56,Bingo,Desktop,50,159,-413.48
S003284,P100702,Organic,2025-01-09,0,Sportsbook,iOS App,7,10,-14.17
S003285,P100702,Organic,2025-01-11,2,Live Dealer,iOS App,101,133,245.1
S003286,P100702,Organic,2025-01-12,3,Bingo,Mobile Web,44,39,150.38
S003287,P100702,Organic,2025-01-14,5,Slots,Android App,26,11,37.17
S003288,P100703,Retail Crossover,2025-03-08,0,Sportsbook,iOS App,29,32,-78.99
S003289,P100703,Retail Crossover,2025-03-09,1,Table Games,Mobile Web,16,14,18.24
S003290,P100704,Retail Crossover,2025-01-26,0,Bingo,Android App,16,23,47.99
S003291,P100704,Retail Crossover,2025-02-09,14,Bingo,iOS App,17,15,-22.49
S003292,P100704,Retail Crossover,2025-02-23,28,Table Games,iOS App,25,63,-140.12
S003293,P100704,Retail Crossover,2025-03-09,42,Table Games,Mobile Web,13,20,18.23
S003294,P100704,Retail Crossover,2025-03-11,44,Live Dealer,Desktop,21,34,-80.34
S003295,P100704,Retail Crossover,2025-03-13,46,Sportsbook,Desktop,26,40,0.2
S003296,P100704,Retail Crossover,2025-03-21,54,Live Dealer,Android App,8,6,15.17
S003297,P100704,Retail Crossover,2025-03-22,55,Table Games,Android App,20,18,14.71
S003298,P100704,Retail Crossover,2025-03-24,57,Live Dealer,Desktop,33,53,-626.05
S003299,P100704,Retail Crossover,2025-03-26,59,Live Dealer,Mobile Web,14,43,-12.72
S003300,P100704,Retail Crossover,2025-04-03,67,Bingo,iOS App,6,9,-5.36
S003301,P100704,Retail Crossover,2025-04-17,81,Sportsbook,Android App,13,8,8.14
S003302,P100704,Retail Crossover,2025-04-18,82,Sportsbook,Desktop,7,14,-36.18
S003303,P100704,Retail Crossover,2025-04-19,83,Sportsbook,Desktop,72,32,0.77
S003304,P100704,Retail Crossover,2025-05-03,97,Table Games,Mobile Web,5,2,0.07
S003305,P100704,Retail Crossover,2025-05-06,100,Table Games,Android App,32,66,-369.61
S003306,P100704,Retail Crossover,2025-05-20,114,Sportsbook,Android App,67,32,30.3
S003307,P100704,Retail Crossover,2025-05-23,117,Table Games,Android App,10,22,-12.23
S003308,P100704,Retail Crossover,2025-05-24,118,Slots,Desktop,46,131,79.57
S003309,P100704,Retail Crossover,2025-05-25,119,Live Dealer,Desktop,10,24,-112.77
S003310,P100704,Retail Crossover,2025-05-28,122,Sportsbook,Mobile Web,25,22,51.63
S003311,P100704,Retail Crossover,2025-05-29,123,Bingo,iOS App,16,42,-112.02
S003312,P100704,Retail Crossover,2025-05-31,125,Table Games,Desktop,22,34,86.8
S003313,P100704,Retail Crossover,2025-06-14,139,Table Games,Mobile Web,9,26,5.63
S003314,P100704,Retail Crossover,2025-06-16,141,Sportsbook,Android App,15,19,9.96
S003315,P100704,Retail Crossover,2025-06-17,142,Table Games,iOS App,12,38,-10.48
S003316,P100705,Paid Search,2025-02-20,0,Live Dealer,Android App,45,31,128.46
S003317,P100705,Paid Search,2025-02-23,3,Table Games,Mobile Web,50,125,30.9
S003318,P100705,Paid Search,2025-03-03,11,Slots,iOS App,14,30,102.86
S003319,P100705,Paid Search,2025-03-06,14,Live Dealer,Desktop,22,54,-2.82
S003320,P100705,Paid Search,2025-03-14,22,Slots,Mobile Web,54,53,-29.61
S003321,P100706,Organic,2025-05-28,0,Live Dealer,Mobile Web,21,28,46.34
S003322,P100706,Organic,2025-06-02,5,Live Dealer,Desktop,14,14,79.42
S003323,P100706,Organic,2025-06-04,7,Table Games,Desktop,36,65,99.81
S003324,P100706,Organic,2025-06-05,8,Table Games,iOS App,13,22,-26.89
S003325,P100706,Organic,2025-06-06,9,Live Dealer,Mobile Web,38,95,-40.85
S003326,P100706,Organic,2025-06-08,11,Live Dealer,Android App,18,24,-20.71
S003327,P100706,Organic,2025-06-10,13,Table Games,iOS App,47,35,100.82
S003328,P100706,Organic,2025-06-15,18,Bingo,iOS App,54,130,580.6
S003329,P100706,Organic,2025-06-18,21,Table Games,Desktop,31,48,-88.04
S003330,P100706,Organic,2025-06-26,29,Live Dealer,Android App,20,60,126.0
S003331,P100706,Organic,2025-06-27,30,Live Dealer,Mobile Web,30,14,27.77
S003332,P100707,Affiliate,2025-06-07,0,Slots,Desktop,13,22,25.87
S003333,P100708,Paid Search,2025-05-28,0,Sportsbook,Mobile Web,16,36,35.94
S003334,P100708,Paid Search,2025-05-29,1,Slots,Mobile Web,3,6,-7.74
S003335,P100709,Paid Social,2025-06-27,0,Slots,iOS App,23,55,7.33
S003336,P100709,Paid Social,2025-07-05,8,Slots,Desktop,14,26,47.47
S003337,P100709,Paid Social,2025-07-10,13,Live Dealer,iOS App,54,72,-416.94
S003338,P100709,Paid Social,2025-07-13,16,Bingo,Android App,14,32,-9.81
S003339,P100709,Paid Social,2025-07-18,21,Table Games,Android App,25,38,57.33
S003340,P100709,Paid Social,2025-07-23,26,Table Games,Desktop,41,67,-4.51
S003341,P100709,Paid Social,2025-07-24,27,Slots,Android App,26,71,12.86
S003342,P100709,Paid Social,2025-08-01,35,Live Dealer,Mobile Web,10,14,40.15
S003343,P100709,Paid Social,2025-08-03,37,Bingo,iOS App,45,40,75.65
S003344,P100709,Paid Social,2025-08-11,45,Bingo,Desktop,14,33,-11.97
S003345,P100709,Paid Social,2025-08-25,59,Sportsbook,iOS App,48,76,6.74
S003346,P100710,Paid Social,2025-01-30,0,Live Dealer,Mobile Web,62,164,-642.32
S003347,P100710,Paid Social,2025-02-01,2,Live Dealer,Mobile Web,10,19,-2.23
S003348,P100710,Paid Social,2025-02-03,4,Bingo,Mobile Web,30,86,116.93
S003349,P100711,Paid Social,2025-05-26,0,Slots,Mobile Web,12,26,112.2
S003350,P100711,Paid Social,2025-05-28,2,Table Games,iOS App,23,14,4.14
S003351,P100711,Paid Social,2025-05-29,3,Slots,iOS App,20,51,-111.45
S003352,P100711,Paid Social,2025-06-01,6,Table Games,Desktop,38,119,-152.8
S003353,P100711,Paid Social,2025-06-06,11,Slots,Mobile Web,17,39,-21.99
S003354,P100711,Paid Social,2025-06-08,13,Live Dealer,Desktop,27,60,-83.27
S003355,P100711,Paid Social,2025-06-11,16,Bingo,Mobile Web,20,39,-11.61
S003356,P100711,Paid Social,2025-06-25,30,Slots,iOS App,21,45,83.79
S003357,P100712,Paid Social,2025-06-21,0,Bingo,iOS App,28,18,15.52
S003358,P100712,Paid Social,2025-06-29,8,Table Games,Mobile Web,60,106,149.28
S003359,P100712,Paid Social,2025-07-13,22,Slots,Android App,17,22,147.84
S003360,P100712,Paid Social,2025-07-27,36,Slots,Desktop,16,28,-3.28
S003361,P100712,Paid Social,2025-08-10,50,Slots,Android App,7,10,28.55
S003362,P100712,Paid Social,2025-08-11,51,Live Dealer,Mobile Web,15,14,26.48
S003363,P100712,Paid Social,2025-08-12,52,Table Games,Mobile Web,44,36,34.19
S003364,P100713,Retail Crossover,2025-06-15,0,Slots,iOS App,24,58,105.51
S003365,P100713,Retail Crossover,2025-06-23,8,Sportsbook,Desktop,14,40,-104.19
S003366,P100714,Paid Search,2025-06-23,0,Slots,Desktop,11,16,-36.21
S003367,P100714,Paid Search,2025-06-28,5,Sportsbook,iOS App,9,23,39.71
S003368,P100714,Paid Search,2025-06-30,7,Live Dealer,Mobile Web,61,180,-302.89
S003369,P100714,Paid Search,2025-07-05,12,Table Games,Desktop,19,20,-39.8
S003370,P100714,Paid Search,2025-07-13,20,Table Games,Mobile Web,5,11,15.86
S003371,P100715,Paid Search,2025-05-30,0,Table Games,Android App,5,14,-22.99
S003372,P100716,Organic,2025-06-11,0,Sportsbook,Android App,30,30,-54.36
S003373,P100716,Organic,2025-06-12,1,Slots,Desktop,25,64,163.19
S003374,P100716,Organic,2025-06-15,4,Table Games,Desktop,19,18,-18.25
S003375,P100716,Organic,2025-06-18,7,Sportsbook,Desktop,7,10,-29.0
S003376,P100716,Organic,2025-06-26,15,Bingo,iOS App,9,15,14.4
S003377,P100716,Organic,2025-07-10,29,Table Games,Mobile Web,26,76,193.64
S003378,P100716,Organic,2025-07-11,30,Live Dealer,Android App,12,37,10.7
S003379,P100716,Organic,2025-07-16,35,Table Games,Mobile Web,25,44,-99.69
S003380,P100717,Affiliate,2025-01-08,0,Live Dealer,Android App,30,33,-2.68
S003381,P100717,Affiliate,2025-01-10,2,Live Dealer,Desktop,23,32,-14.57
S003382,P100717,Affiliate,2025-01-18,10,Sportsbook,Desktop,39,39,79.67
S003383,P100717,Affiliate,2025-01-19,11,Bingo,Mobile Web,42,42,23.88
S003384,P100718,Affiliate,2025-04-11,0,Bingo,Mobile Web,10,11,-25.59
S003385,P100719,Organic,2025-06-23,0,Live Dealer,Android App,16,15,-12.79
S003386,P100719,Organic,2025-06-26,3,Sportsbook,iOS App,12,13,20.38
S003387,P100720,Retail Crossover,2025-05-29,0,Table Games,iOS App,38,52,-26.13
S003388,P100721,Paid Social,2025-04-09,0,Sportsbook,Mobile Web,65,170,-3.69
S003389,P100721,Paid Social,2025-04-11,2,Table Games,Desktop,22,46,6.31
S003390,P100721,Paid Social,2025-04-12,3,Slots,Desktop,12,15,-16.46
S003391,P100721,Paid Social,2025-04-26,17,Bingo,Android App,6,4,-2.43
S003392,P100721,Paid Social,2025-05-04,25,Table Games,Android App,13,34,132.08
S003393,P100721,Paid Social,2025-05-12,33,Sportsbook,Mobile Web,13,32,5.74
S003394,P100721,Paid Social,2025-05-14,35,Sportsbook,iOS App,76,114,63.15
S003395,P100721,Paid Social,2025-05-15,36,Slots,Desktop,29,56,-40.01
S003396,P100721,Paid Social,2025-05-16,37,Table Games,Mobile Web,63,173,-84.84
S003397,P100721,Paid Social,2025-05-17,38,Table Games,iOS App,38,62,-160.16
S003398,P100721,Paid Social,2025-05-22,43,Table Games,Android App,23,26,104.45
S003399,P100721,Paid Social,2025-06-05,57,Live Dealer,Mobile Web,8,9,4.4
S003400,P100721,Paid Social,2025-06-10,62,Bingo,Mobile Web,11,12,53.68
S003401,P100721,Paid Social,2025-06-13,65,Table Games,Android App,14,37,24.73
S003402,P100721,Paid Social,2025-06-15,67,Live Dealer,Desktop,19,57,-68.81
S003403,P100721,Paid Social,2025-06-23,75,Live Dealer,iOS App,8,19,-69.1
S003404,P100721,Paid Social,2025-07-07,89,Bingo,Desktop,41,77,29.7
S003405,P100721,Paid Social,2025-07-12,94,Sportsbook,Android App,9,15,-5.35
S003406,P100721,Paid Social,2025-07-20,102,Sportsbook,Mobile Web,39,114,415.69
S003407,P100721,Paid Social,2025-07-21,103,Slots,Android App,16,38,-15.82
S003408,P100721,Paid Social,2025-07-24,106,Slots,Mobile Web,41,85,145.82
S003409,P100721,Paid Social,2025-07-29,111,Slots,Mobile Web,14,10,27.17
S003410,P100721,Paid Social,2025-07-30,112,Live Dealer,Mobile Web,17,47,161.17
S003411,P100721,Paid Social,2025-08-13,126,Sportsbook,Desktop,10,23,11.65
S003412,P100721,Paid Social,2025-08-27,140,Live Dealer,Android App,88,122,14.25
S003413,P100721,Paid Social,2025-08-28,141,Slots,Android App,21,61,157.46
S003414,P100722,Retail Crossover,2025-02-20,0,Live Dealer,iOS App,25,75,33.23
S003415,P100722,Retail Crossover,2025-02-25,5,Live Dealer,Android App,7,16,44.03
S003416,P100722,Retail Crossover,2025-03-05,13,Sportsbook,Desktop,17,52,20.89
S003417,P100722,Retail Crossover,2025-03-10,18,Bingo,Mobile Web,21,44,99.6
S003418,P100723,Paid Search,2025-06-06,0,Live Dealer,Mobile Web,61,163,29.95
S003419,P100723,Paid Search,2025-06-07,1,Sportsbook,Mobile Web,24,68,5.09
S003420,P100723,Paid Search,2025-06-08,2,Live Dealer,Desktop,12,13,-15.38
S003421,P100723,Paid Search,2025-06-16,10,Live Dealer,Mobile Web,27,40,-18.15
S003422,P100724,Paid Search,2025-02-02,0,Slots,iOS App,5,3,1.95
S003423,P100725,Paid Search,2025-01-23,0,Bingo,Desktop,4,1,2.15
S003424,P100725,Paid Search,2025-01-24,1,Live Dealer,Mobile Web,39,25,47.14
S003425,P100726,Organic,2025-05-30,0,Table Games,Android App,25,25,52.1
S003426,P100726,Organic,2025-06-04,5,Sportsbook,Android App,9,13,-6.73
S003427,P100727,Affiliate,2025-04-06,0,Slots,Desktop,31,45,43.15
S003428,P100728,Paid Search,2025-02-07,0,Table Games,Desktop,39,47,-37.41
S003429,P100728,Paid Search,2025-02-12,5,Slots,Mobile Web,4,6,45.88
S003430,P100728,Paid Search,2025-02-15,8,Sportsbook,Mobile Web,14,29,84.07
S003431,P100728,Paid Search,2025-02-23,16,Live Dealer,Mobile Web,21,29,-26.39
S003432,P100728,Paid Search,2025-03-09,30,Slots,Mobile Web,63,139,25.63
S003433,P100728,Paid Search,2025-03-10,31,Live Dealer,Mobile Web,44,38,182.25
S003434,P100728,Paid Search,2025-03-24,45,Slots,Mobile Web,55,126,-140.79
S003435,P100728,Paid Search,2025-03-26,47,Live Dealer,Desktop,16,26,-69.42
S003436,P100729,Organic,2025-02-04,0,Live Dealer,Desktop,27,70,-15.8
S003437,P100730,Paid Social,2025-02-02,0,Live Dealer,iOS App,4,6,-0.81
S003438,P100730,Paid Social,2025-02-03,1,Sportsbook,iOS App,30,69,-138.15
S003439,P100730,Paid Social,2025-02-17,15,Bingo,Desktop,18,46,17.15
S003440,P100730,Paid Social,2025-02-18,16,Slots,iOS App,39,70,421.6
S003441,P100730,Paid Social,2025-02-19,17,Sportsbook,Desktop,12,18,10.37
S003442,P100730,Paid Social,2025-02-21,19,Bingo,Desktop,12,12,15.18
S003443,P100730,Paid Social,2025-02-26,24,Bingo,Mobile Web,10,17,32.61
S003444,P100730,Paid Social,2025-02-28,26,Slots,Android App,14,6,-10.61
S003445,P100731,Organic,2025-03-12,0,Table Games,Desktop,6,5,1.41
S003446,P100731,Organic,2025-03-26,14,Table Games,Android App,29,61,103.92
S003447,P100731,Organic,2025-03-29,17,Live Dealer,Android App,44,80,222.07
S003448,P100732,Paid Search,2025-04-01,0,Slots,Desktop,18,39,42.31
S003449,P100733,Paid Social,2025-05-30,0,Slots,Mobile Web,12,5,-16.32
S003450,P100733,Paid Social,2025-06-01,2,Bingo,Android App,7,6,8.19
S003451,P100733,Paid Social,2025-06-02,3,Bingo,iOS App,88,130,2023.63
S003452,P100733,Paid Social,2025-06-03,4,Slots,Mobile Web,19,30,-49.55
S003453,P100733,Paid Social,2025-06-08,9,Live Dealer,Android App,23,46,-154.32
S003454,P100734,Organic,2025-05-03,0,Bingo,Desktop,21,40,-60.37
S003455,P100734,Organic,2025-05-08,5,Sportsbook,Desktop,32,90,309.01
S003456,P100735,Paid Search,2025-06-18,0,Table Games,Android App,62,196,1286.07
S003457,P100735,Paid Search,2025-06-23,5,Live Dealer,Desktop,22,57,27.62
S003458,P100735,Paid Search,2025-07-01,13,Live Dealer,Android App,15,37,14.26
S003459,P100735,Paid Search,2025-07-04,16,Sportsbook,iOS App,10,4,11.75
S003460,P100735,Paid Search,2025-07-05,17,Bingo,Desktop,18,35,-67.71
S003461,P100735,Paid Search,2025-07-13,25,Bingo,Android App,12,17,100.33
S003462,P100735,Paid Search,2025-07-16,28,Live Dealer,Android App,26,55,101.8
S003463,P100735,Paid Search,2025-07-24,36,Bingo,iOS App,17,39,52.8
S003464,P100735,Paid Search,2025-07-26,38,Bingo,Desktop,18,46,52.54
S003465,P100735,Paid Search,2025-07-28,40,Live Dealer,Desktop,6,5,-7.05
S003466,P100735,Paid Search,2025-07-29,41,Table Games,iOS App,32,59,59.56
S003467,P100735,Paid Search,2025-08-12,55,Bingo,Desktop,18,54,8.83
S003468,P100735,Paid Search,2025-08-17,60,Slots,Mobile Web,29,36,422.08
S003469,P100735,Paid Search,2025-08-25,68,Sportsbook,Mobile Web,17,31,8.76
S003470,P100736,Retail Crossover,2025-06-13,0,Live Dealer,Mobile Web,26,25,-22.12
S003471,P100736,Retail Crossover,2025-06-14,1,Table Games,Mobile Web,11,21,-1.36
S003472,P100736,Retail Crossover,2025-06-17,4,Live Dealer,Mobile Web,41,39,-0.06
S003473,P100736,Retail Crossover,2025-07-01,18,Live Dealer,Desktop,5,10,18.65
S003474,P100736,Retail Crossover,2025-07-02,19,Live Dealer,Desktop,52,89,39.47
S003475,P100736,Retail Crossover,2025-07-03,20,Slots,Desktop,12,11,-16.0
S003476,P100736,Retail Crossover,2025-07-06,23,Sportsbook,Mobile Web,56,133,307.11
S003477,P100736,Retail Crossover,2025-07-20,37,Sportsbook,iOS App,17,22,1.35
S003478,P100736,Retail Crossover,2025-07-21,38,Sportsbook,Mobile Web,11,5,27.85
S003479,P100736,Retail Crossover,2025-07-23,40,Live Dealer,Android App,47,45,-14.52
S003480,P100736,Retail Crossover,2025-08-06,54,Slots,Mobile Web,27,86,261.9
S003481,P100737,Paid Social,2025-02-16,0,Sportsbook,Android App,50,145,212.39
S003482,P100738,Paid Search,2025-06-05,0,Live Dealer,Desktop,18,8,-33.78
S003483,P100738,Paid Search,2025-06-19,14,Sportsbook,Android App,16,25,58.04
S003484,P100738,Paid Search,2025-06-20,15,Slots,iOS App,11,29,39.49
S003485,P100738,Paid Search,2025-07-04,29,Live Dealer,Android App,30,65,-188.78
S003486,P100739,Retail Crossover,2025-03-06,0,Bingo,Desktop,14,30,-22.66
S003487,P100739,Retail Crossover,2025-03-20,14,Sportsbook,Android App,20,14,-6.92
S003488,P100739,Retail Crossover,2025-03-28,22,Slots,Mobile Web,22,21,93.25
S003489,P100739,Retail Crossover,2025-04-05,30,Slots,Mobile Web,33,19,38.88
S003490,P100739,Retail Crossover,2025-04-06,31,Bingo,Desktop,54,55,13.9
S003491,P100739,Retail Crossover,2025-04-14,39,Table Games,Desktop,49,99,11.27
S003492,P100739,Retail Crossover,2025-04-28,53,Table Games,iOS App,32,80,-366.42
S003493,P100739,Retail Crossover,2025-05-12,67,Bingo,Desktop,22,16,-1.26
S003494,P100739,Retail Crossover,2025-05-13,68,Slots,Mobile Web,58,126,317.5
S003495,P100739,Retail Crossover,2025-05-14,69,Slots,Mobile Web,41,127,-170.08
S003496,P100739,Retail Crossover,2025-05-15,70,Sportsbook,Desktop,24,68,327.49
S003497,P100739,Retail Crossover,2025-05-20,75,Table Games,iOS App,3,6,-15.76
S003498,P100739,Retail Crossover,2025-06-03,89,Table Games,iOS App,27,39,112.15
S003499,P100739,Retail Crossover,2025-06-08,94,Bingo,Desktop,44,120,261.9
S003500,P100739,Retail Crossover,2025-06-09,95,Live Dealer,iOS App,42,42,126.36
S003501,P100739,Retail Crossover,2025-06-12,98,Sportsbook,Mobile Web,9,23,-29.59
S003502,P100739,Retail Crossover,2025-06-15,101,Table Games,iOS App,14,27,41.73
S003503,P100740,Organic,2025-02-09,0,Slots,Android App,33,25,165.65
S003504,P100741,Organic,2025-06-03,0,Bingo,Desktop,26,81,-288.65
S003505,P100742,Organic,2025-05-05,0,Live Dealer,iOS App,2,5,-21.36
S003506,P100743,Paid Social,2025-05-06,0,Slots,Desktop,20,49,-105.62
S003507,P100743,Paid Social,2025-05-07,1,Sportsbook,Mobile Web,25,57,31.4
S003508,P100743,Paid Social,2025-05-21,15,Live Dealer,Mobile Web,10,7,7.1
S003509,P100744,Retail Crossover,2025-06-16,0,Bingo,Mobile Web,7,19,144.71
S003510,P100744,Retail Crossover,2025-06-17,1,Slots,iOS App,13,40,-67.95
S003511,P100745,Retail Crossover,2025-06-08,0,Sportsbook,iOS App,30,75,27.23
S003512,P100745,Retail Crossover,2025-06-13,5,Table Games,Desktop,3,4,-2.13
S003513,P100745,Retail Crossover,2025-06-14,6,Table Games,Mobile Web,20,49,304.98
S003514,P100745,Retail Crossover,2025-06-19,11,Sportsbook,iOS App,138,100,-23.26
S003515,P100745,Retail Crossover,2025-06-21,13,Slots,iOS App,43,82,273.7
S003516,P100745,Retail Crossover,2025-06-29,21,Slots,Mobile Web,6,8,20.29
S003517,P100745,Retail Crossover,2025-06-30,22,Bingo,iOS App,42,128,430.12
S003518,P100745,Retail Crossover,2025-07-05,27,Sportsbook,Mobile Web,22,66,2.43
S003519,P100745,Retail Crossover,2025-07-10,32,Live Dealer,Android App,10,7,42.15
S003520,P100746,Retail Crossover,2025-01-13,0,Sportsbook,Mobile Web,3,1,1.93
S003521,P100746,Retail Crossover,2025-01-27,14,Sportsbook,iOS App,16,30,69.27
S003522,P100746,Retail Crossover,2025-01-30,17,Slots,Desktop,25,16,19.54
S003523,P100746,Retail Crossover,2025-02-07,25,Sportsbook,Mobile Web,29,67,-145.92
S003524,P100746,Retail Crossover,2025-02-08,26,Table Games,Mobile Web,38,119,272.34
S003525,P100746,Retail Crossover,2025-02-09,27,Bingo,iOS App,5,15,5.54
S003526,P100746,Retail Crossover,2025-02-10,28,Bingo,iOS App,18,20,-94.17
S003527,P100746,Retail Crossover,2025-02-11,29,Table Games,iOS App,18,49,-50.51
S003528,P100746,Retail Crossover,2025-02-14,32,Bingo,Mobile Web,10,25,-68.68
S003529,P100747,Organic,2025-04-19,0,Bingo,iOS App,13,34,36.07
S003530,P100747,Organic,2025-04-20,1,Table Games,iOS App,20,39,10.65
S003531,P100748,Paid Social,2025-01-13,0,Slots,Desktop,21,55,76.24
S003532,P100748,Paid Social,2025-01-21,8,Table Games,Desktop,6,8,13.42
S003533,P100748,Paid Social,2025-01-23,10,Slots,Android App,21,18,-3.53
S003534,P100748,Paid Social,2025-01-24,11,Table Games,iOS App,16,47,97.94
S003535,P100748,Paid Social,2025-01-25,12,Bingo,Mobile Web,61,74,-367.78
S003536,P100749,Paid Social,2025-03-31,0,Table Games,Mobile Web,22,38,276.52
S003537,P100749,Paid Social,2025-04-03,3,Bingo,Desktop,20,27,-67.91
S003538,P100749,Paid Social,2025-04-08,8,Sportsbook,Android App,7,11,19.97
S003539,P100749,Paid Social,2025-04-16,16,Slots,Desktop,47,70,101.56
S003540,P100750,Organic,2025-05-22,0,Bingo,Mobile Web,18,43,-176.92
S003541,P100751,Paid Search,2025-02-12,0,Slots,Mobile Web,23,39,158.57
S003542,P100752,Paid Social,2025-02-09,0,Live Dealer,Android App,6,2,-20.85
S003543,P100752,Paid Social,2025-02-14,5,Slots,Mobile Web,76,159,155.02
S003544,P100753,Affiliate,2025-02-02,0,Slots,Desktop,25,12,15.89
S003545,P100754,Retail Crossover,2025-04-12,0,Sportsbook,iOS App,21,10,8.9
S003546,P100754,Retail Crossover,2025-04-13,1,Table Games,iOS App,14,8,-6.37
S003547,P100755,Affiliate,2025-03-02,0,Sportsbook,iOS App,8,17,35.14
S003548,P100755,Affiliate,2025-03-16,14,Slots,Android App,12,15,13.08
S003549,P100755,Affiliate,2025-03-17,15,Table Games,iOS App,6,7,2.48
S003550,P100755,Affiliate,2025-03-20,18,Sportsbook,iOS App,30,93,-139.39
S003551,P100755,Affiliate,2025-03-28,26,Table Games,Android App,21,17,21.04
S003552,P100755,Affiliate,2025-04-02,31,Slots,Android App,30,36,-14.84
S003553,P100755,Affiliate,2025-04-03,32,Table Games,Desktop,29,34,-183.98
S003554,P100756,Affiliate,2025-06-05,0,Sportsbook,iOS App,4,11,4.54
S003555,P100756,Affiliate,2025-06-10,5,Slots,Mobile Web,7,10,92.59
S003556,P100756,Affiliate,2025-06-13,8,Table Games,Mobile Web,13,8,3.33
S003557,P100756,Affiliate,2025-06-21,16,Table Games,iOS App,44,125,-324.87
S003558,P100756,Affiliate,2025-06-23,18,Table Games,Desktop,19,37,28.55
S003559,P100756,Affiliate,2025-06-26,21,Table Games,Mobile Web,16,19,-26.18
S003560,P100757,Paid Search,2025-01-11,0,Bingo,Android App,15,20,75.09
S003561,P100758,Affiliate,2025-05-02,0,Bingo,iOS App,7,6,-30.49
S003562,P100759,Paid Social,2025-06-04,0,Bingo,Mobile Web,36,41,4.88
S003563,P100759,Paid Social,2025-06-05,1,Slots,Android App,12,16,-15.29
S003564,P100759,Paid Social,2025-06-06,2,Table Games,Mobile Web,26,82,-422.16
S003565,P100759,Paid Social,2025-06-14,10,Slots,Desktop,38,73,44.14
S003566,P100759,Paid Social,2025-06-16,12,Sportsbook,iOS App,10,8,0.59
S003567,P100759,Paid Social,2025-06-18,14,Sportsbook,Desktop,3,8,-23.75
S003568,P100759,Paid Social,2025-06-26,22,Sportsbook,Desktop,19,10,38.94
S003569,P100759,Paid Social,2025-07-10,36,Live Dealer,Desktop,13,26,-104.26
S003570,P100759,Paid Social,2025-07-18,44,Sportsbook,iOS App,42,36,-57.28
S003571,P100760,Retail Crossover,2025-04-04,0,Slots,Mobile Web,42,27,202.77
S003572,P100760,Retail Crossover,2025-04-05,1,Table Games,Mobile Web,12,20,-9.71
S003573,P100760,Retail Crossover,2025-04-13,9,Live Dealer,Android App,9,13,44.49
S003574,P100760,Retail Crossover,2025-04-21,17,Bingo,Desktop,17,34,-23.87
S003575,P100761,Affiliate,2025-02-27,0,Slots,Mobile Web,13,6,5.03
S003576,P100761,Affiliate,2025-03-13,14,Live Dealer,Desktop,27,80,128.73
S003577,P100761,Affiliate,2025-03-21,22,Bingo,Android App,13,33,64.06
S003578,P100762,Affiliate,2025-06-11,0,Sportsbook,iOS App,58,138,-34.85
S003579,P100762,Affiliate,2025-06-12,1,Sportsbook,Mobile Web,9,18,-88.96
S003580,P100762,Affiliate,2025-06-20,9,Slots,Mobile Web,30,55,-72.92
S003581,P100762,Affiliate,2025-06-28,17,Slots,iOS App,28,12,27.97
S003582,P100762,Affiliate,2025-07-12,31,Sportsbook,Desktop,18,27,43.01
S003583,P100762,Affiliate,2025-07-17,36,Bingo,Android App,18,32,90.67
S003584,P100763,Organic,2025-01-13,0,Bingo,iOS App,22,14,3.22
S003585,P100763,Organic,2025-01-14,1,Table Games,Mobile Web,12,34,35.02
S003586,P100763,Organic,2025-01-15,2,Table Games,Desktop,8,24,97.6
S003587,P100763,Organic,2025-01-16,3,Slots,Desktop,12,14,9.98
S003588,P100764,Organic,2025-06-05,0,Table Games,Android App,12,26,-67.55
S003589,P100764,Organic,2025-06-07,2,Table Games,Android App,70,216,-430.58
S003590,P100764,Organic,2025-06-08,3,Live Dealer,Desktop,15,27,-36.25
S003591,P100765,Affiliate,2025-01-01,0,Slots,Desktop,23,35,31.64
S003592,P100766,Organic,2025-01-16,0,Table Games,Mobile Web,45,132,496.22
S003593,P100766,Organic,2025-01-17,1,Bingo,Mobile Web,35,90,576.53
S003594,P100766,Organic,2025-01-25,9,Bingo,Android App,51,80,56.99
S003595,P100766,Organic,2025-01-27,11,Table Games,Android App,104,69,-646.63
S003596,P100766,Organic,2025-01-29,13,Table Games,Android App,40,81,-43.85
S003597,P100766,Organic,2025-02-03,18,Bingo,iOS App,23,39,-11.64
S003598,P100767,Affiliate,2025-06-26,0,Live Dealer,Mobile Web,6,18,46.81
S003599,P100767,Affiliate,2025-06-27,1,Table Games,Desktop,41,114,-283.85
S003600,P100768,Paid Social,2025-01-08,0,Live Dealer,Android App,15,19,47.0
S003601,P100768,Paid Social,2025-01-16,8,Live Dealer,Mobile Web,26,63,6.51
S003602,P100769,Retail Crossover,2025-03-19,0,Slots,iOS App,17,53,-34.95
S003603,P100769,Retail Crossover,2025-03-20,1,Slots,Mobile Web,9,26,50.42
S003604,P100770,Retail Crossover,2025-05-31,0,Bingo,iOS App,20,36,55.63
S003605,P100770,Retail Crossover,2025-06-08,8,Live Dealer,Desktop,32,54,276.8
S003606,P100770,Retail Crossover,2025-06-22,22,Table Games,Desktop,8,18,0.01
S003607,P100770,Retail Crossover,2025-06-23,23,Sportsbook,Desktop,14,30,33.2
S003608,P100770,Retail Crossover,2025-07-01,31,Slots,Mobile Web,172,134,206.48
S003609,P100770,Retail Crossover,2025-07-03,33,Sportsbook,Desktop,7,22,29.05
S003610,P100770,Retail Crossover,2025-07-08,38,Live Dealer,Android App,48,49,-104.21
S003611,P100770,Retail Crossover,2025-07-16,46,Live Dealer,Android App,13,15,-63.05
S003612,P100770,Retail Crossover,2025-07-21,51,Slots,Android App,31,88,-25.71
S003613,P100770,Retail Crossover,2025-07-29,59,Sportsbook,Mobile Web,5,6,-3.1
S003614,P100770,Retail Crossover,2025-08-01,62,Bingo,Android App,25,20,0.71
S003615,P100770,Retail Crossover,2025-08-15,76,Live Dealer,iOS App,9,27,-1.93
S003616,P100770,Retail Crossover,2025-08-20,81,Bingo,Mobile Web,14,37,19.56
S003617,P100770,Retail Crossover,2025-08-23,84,Sportsbook,Desktop,24,45,-96.41
S003618,P100770,Retail Crossover,2025-08-24,85,Live Dealer,Mobile Web,20,60,-0.88
S003619,P100771,Retail Crossover,2025-02-15,0,Slots,Android App,40,102,415.05
S003620,P100771,Retail Crossover,2025-02-20,5,Live Dealer,Android App,4,2,-0.75
S003621,P100771,Retail Crossover,2025-02-23,8,Slots,Mobile Web,6,16,4.03
S003622,P100771,Retail Crossover,2025-03-03,16,Table Games,Android App,12,30,-136.74
S003623,P100771,Retail Crossover,2025-03-04,17,Table Games,iOS App,24,24,182.47
S003624,P100771,Retail Crossover,2025-03-18,31,Slots,iOS App,21,16,19.16
S003625,P100772,Organic,2025-03-18,0,Slots,Desktop,6,15,-4.5
S003626,P100772,Organic,2025-03-19,1,Table Games,Android App,37,47,333.74
S003627,P100772,Organic,2025-03-24,6,Bingo,Mobile Web,10,17,-12.47
S003628,P100772,Organic,2025-03-29,11,Sportsbook,Android App,12,25,-72.15
S003629,P100772,Organic,2025-03-30,12,Slots,Mobile Web,94,100,85.0
S003630,P100772,Organic,2025-03-31,13,Bingo,Mobile Web,49,23,7.65
S003631,P100772,Organic,2025-04-03,16,Table Games,iOS App,15,45,-155.75
S003632,P100772,Organic,2025-04-04,17,Live Dealer,Desktop,18,14,16.69
S003633,P100772,Organic,2025-04-18,31,Bingo,iOS App,70,172,88.42
S003634,P100773,Paid Social,2025-05-23,0,Live Dealer,iOS App,11,13,6.71
S003635,P100773,Paid Social,2025-05-28,5,Table Games,iOS App,9,17,9.74
S003636,P100773,Paid Social,2025-06-02,10,Sportsbook,Mobile Web,55,116,141.43
S003637,P100773,Paid Social,2025-06-10,18,Live Dealer,iOS App,9,10,-0.77
S003638,P100773,Paid Social,2025-06-11,19,Sportsbook,Mobile Web,18,50,-16.48
S003639,P100774,Retail Crossover,2025-04-03,0,Slots,Android App,40,33,-8.42
S003640,P100775,Retail Crossover,2025-03-20,0,Table Games,Android App,28,53,-161.94
S003641,P100775,Retail Crossover,2025-03-23,3,Live Dealer,iOS App,10,5,-24.53
S003642,P100775,Retail Crossover,2025-03-31,11,Sportsbook,Desktop,11,7,9.38
S003643,P100775,Retail Crossover,2025-04-03,14,Slots,iOS App,32,78,42.48
S003644,P100775,Retail Crossover,2025-04-04,15,Bingo,Mobile Web,38,58,105.37
S003645,P100775,Retail Crossover,2025-04-05,16,Slots,Mobile Web,39,33,80.99
S003646,P100775,Retail Crossover,2025-04-08,19,Bingo,Mobile Web,14,20,14.53
S003647,P100775,Retail Crossover,2025-04-09,20,Live Dealer,Mobile Web,18,21,39.01
S003648,P100776,Paid Search,2025-01-16,0,Table Games,Android App,9,14,-82.53
S003649,P100777,Paid Social,2025-03-09,0,Bingo,Mobile Web,52,107,26.95
S003650,P100777,Paid Social,2025-03-17,8,Live Dealer,Mobile Web,27,55,-329.82
S003651,P100777,Paid Social,2025-03-22,13,Bingo,iOS App,30,63,-152.38
S003652,P100777,Paid Social,2025-03-23,14,Table Games,Desktop,54,169,-34.46
S003653,P100778,Retail Crossover,2025-03-03,0,Slots,Mobile Web,8,13,5.23
S003654,P100778,Retail Crossover,2025-03-04,1,Bingo,Desktop,15,36,-18.62
S003655,P100778,Retail Crossover,2025-03-05,2,Slots,iOS App,15,47,18.93
S003656,P100778,Retail Crossover,2025-03-06,3,Table Games,iOS App,30,13,38.06
S003657,P100779,Paid Social,2025-05-11,0,Slots,Android App,14,41,-16.04
S003658,P100780,Paid Social,2025-06-26,0,Bingo,Desktop,20,48,75.07
S003659,P100780,Paid Social,2025-06-28,2,Slots,Android App,12,23,24.03
S003660,P100780,Paid Social,2025-07-01,5,Sportsbook,Mobile Web,28,46,70.5
S003661,P100780,Paid Social,2025-07-04,8,Slots,Desktop,26,71,-108.81
S003662,P100780,Paid Social,2025-07-06,10,Table Games,Desktop,42,119,848.7
S003663,P100780,Paid Social,2025-07-20,24,Bingo,Android App,25,57,189.38
S003664,P100780,Paid Social,2025-07-23,27,Sportsbook,Mobile Web,9,21,13.16
S003665,P100780,Paid Social,2025-08-06,41,Slots,Android App,3,1,-2.23
S003666,P100780,Paid Social,2025-08-14,49,Sportsbook,Desktop,31,86,3.16
S003667,P100780,Paid Social,2025-08-22,57,Slots,Desktop,7,4,13.1
S003668,P100780,Paid Social,2025-08-24,59,Live Dealer,Mobile Web,29,52,-296.13
S003669,P100781,Paid Social,2025-05-30,0,Bingo,Android App,5,5,15.48
S003670,P100781,Paid Social,2025-06-02,3,Bingo,Desktop,12,17,52.46
S003671,P100781,Paid Social,2025-06-04,5,Slots,Desktop,28,46,240.55
S003672,P100782,Paid Social,2025-06-17,0,Sportsbook,iOS App,52,135,-547.41
S003673,P100782,Paid Social,2025-06-18,1,Sportsbook,iOS App,11,17,-24.19
S003674,P100782,Paid Social,2025-06-21,4,Live Dealer,Desktop,12,21,-6.97
S003675,P100783,Organic,2025-01-02,0,Bingo,iOS App,15,47,146.04
S003676,P100783,Organic,2025-01-05,3,Sportsbook,Desktop,4,9,47.26
S003677,P100783,Organic,2025-01-06,4,Sportsbook,iOS App,9,18,0.36
S003678,P100784,Paid Social,2025-01-20,0,Table Games,Android App,30,94,45.46
S003679,P100784,Paid Social,2025-01-23,3,Bingo,iOS App,15,11,-40.06
S003680,P100784,Paid Social,2025-01-24,4,Table Games,iOS App,20,39,26.94
S003681,P100784,Paid Social,2025-01-25,5,Table Games,iOS App,39,58,-15.82
S003682,P100784,Paid Social,2025-01-30,10,Table Games,Android App,23,32,84.68
S003683,P100785,Retail Crossover,2025-04-12,0,Table Games,Android App,10,29,24.43
S003684,P100785,Retail Crossover,2025-04-14,2,Table Games,Android App,32,87,-142.98
S003685,P100785,Retail Crossover,2025-04-22,10,Bingo,Android App,55,109,-69.49
S003686,P100786,Affiliate,2025-01-09,0,Live Dealer,Mobile Web,71,192,311.87
S003687,P100787,Paid Search,2025-06-07,0,Sportsbook,Android App,59,170,-161.88
S003688,P100788,Paid Social,2025-01-17,0,Bingo,iOS App,44,132,-81.84
S003689,P100789,Paid Social,2025-01-03,0,Bingo,Android App,18,30,-8.98
S003690,P100790,Paid Social,2025-04-04,0,Live Dealer,Android App,18,26,104.85
S003691,P100790,Paid Social,2025-04-06,2,Sportsbook,Desktop,41,85,-175.82
S003692,P100790,Paid Social,2025-04-07,3,Sportsbook,iOS App,18,30,18.57
S003693,P100790,Paid Social,2025-04-12,8,Sportsbook,Desktop,16,32,-23.18
S003694,P100790,Paid Social,2025-04-13,9,Table Games,Android App,7,20,217.27
S003695,P100790,Paid Social,2025-04-16,12,Slots,Mobile Web,5,14,23.18
S003696,P100790,Paid Social,2025-04-19,15,Bingo,Mobile Web,9,8,-17.87
S003697,P100790,Paid Social,2025-04-21,17,Sportsbook,Android App,6,15,-35.24
S003698,P100791,Organic,2025-06-06,0,Bingo,Mobile Web,25,72,-21.63
S003699,P100791,Organic,2025-06-11,5,Slots,Mobile Web,16,50,113.99
S003700,P100792,Paid Search,2025-06-17,0,Sportsbook,Desktop,26,27,-41.62
S003701,P100792,Paid Search,2025-06-19,2,Sportsbook,iOS App,12,28,55.09
S003702,P100792,Paid Search,2025-06-27,10,Live Dealer,Desktop,28,78,94.07
S003703,P100793,Retail Crossover,2025-01-30,0,Slots,iOS App,10,9,3.0
S003704,P100793,Retail Crossover,2025-02-02,3,Bingo,Desktop,19,51,-227.9
S003705,P100794,Affiliate,2025-05-10,0,Table Games,Android App,16,24,-15.26
S003706,P100794,Affiliate,2025-05-24,14,Slots,Android App,27,67,95.47
S003707,P100795,Affiliate,2025-04-12,0,Live Dealer,iOS App,12,33,108.56
S003708,P100795,Affiliate,2025-04-13,1,Table Games,Android App,6,16,10.77
S003709,P100796,Paid Social,2025-02-27,0,Sportsbook,Desktop,37,51,-36.19
S003710,P100796,Paid Social,2025-03-07,8,Live Dealer,iOS App,40,24,55.19
S003711,P100796,Paid Social,2025-03-21,22,Slots,iOS App,9,5,-1.13
S003712,P100796,Paid Social,2025-03-22,23,Sportsbook,Desktop,9,20,-34.05
S003713,P100796,Paid Social,2025-03-23,24,Slots,Desktop,32,88,185.57
S003714,P100796,Paid Social,2025-03-25,26,Live Dealer,Desktop,17,34,83.44
S003715,P100796,Paid Social,2025-03-26,27,Live Dealer,Desktop,6,10,-53.37
S003716,P100796,Paid Social,2025-04-03,35,Sportsbook,Android App,5,10,10.44
S003717,P100796,Paid Social,2025-04-04,36,Table Games,iOS App,16,30,19.94
S003718,P100796,Paid Social,2025-04-12,44,Slots,iOS App,23,57,-225.15
S003719,P100796,Paid Social,2025-04-26,58,Live Dealer,iOS App,15,26,-45.97
S003720,P100797,Paid Social,2025-01-19,0,Bingo,Mobile Web,95,215,-678.65
S003721,P100797,Paid Social,2025-02-02,14,Table Games,iOS App,17,17,-28.48
S003722,P100797,Paid Social,2025-02-03,15,Slots,iOS App,22,50,14.75
S003723,P100797,Paid Social,2025-02-04,16,Live Dealer,Desktop,14,16,-53.75
S003724,P100798,Paid Search,2025-04-09,0,Live Dealer,iOS App,52,130,-111.88
S003725,P100798,Paid Search,2025-04-14,5,Slots,Android App,39,122,335.83
S003726,P100798,Paid Search,2025-04-28,19,Slots,Desktop,23,44,14.66
S003727,P100798,Paid Search,2025-04-30,21,Live Dealer,Android App,7,22,114.89
S003728,P100799,Paid Search,2025-01-12,0,Table Games,Android App,39,76,-8.38
S003729,P100799,Paid Search,2025-01-14,2,Live Dealer,iOS App,31,65,-327.35
S003730,P100799,Paid Search,2025-01-16,4,Sportsbook,iOS App,5,12,123.17
S003731,P100799,Paid Search,2025-01-30,18,Slots,Mobile Web,10,19,-75.72
S003732,P100799,Paid Search,2025-02-02,21,Sportsbook,Android App,14,37,85.33
S003733,P100800,Organic,2025-01-04,0,Slots,iOS App,21,19,-34.35
S003734,P100800,Organic,2025-01-12,8,Sportsbook,Desktop,12,5,-17.32
S003735,P100800,Organic,2025-01-13,9,Live Dealer,iOS App,12,13,-11.2
S003736,P100800,Organic,2025-01-16,12,Slots,iOS App,24,48,28.54
S003737,P100801,Retail Crossover,2025-01-13,0,Table Games,Mobile Web,67,39,-37.52
S003738,P100801,Retail Crossover,2025-01-27,14,Table Games,iOS App,64,197,-26.95
S003739,P100801,Retail Crossover,2025-01-30,17,Live Dealer,iOS App,41,70,-55.35
S003740,P100801,Retail Crossover,2025-02-07,25,Slots,Mobile Web,19,35,193.68
S003741,P100801,Retail Crossover,2025-02-15,33,Table Games,Desktop,78,96,331.8
S003742,P100801,Retail Crossover,2025-02-18,36,Slots,Android App,32,99,82.88
S003743,P100801,Retail Crossover,2025-02-21,39,Sportsbook,Android App,81,259,-267.42
S003744,P100801,Retail Crossover,2025-02-22,40,Sportsbook,Desktop,23,28,54.19
S003745,P100802,Organic,2025-04-15,0,Sportsbook,iOS App,37,38,64.82
S003746,P100802,Organic,2025-04-16,1,Live Dealer,Mobile Web,10,26,-7.0
S003747,P100802,Organic,2025-04-17,2,Sportsbook,Desktop,32,21,8.78
S003748,P100802,Organic,2025-04-18,3,Slots,Android App,99,300,242.83
S003749,P100802,Organic,2025-04-20,5,Table Games,Mobile Web,71,157,-164.28
S003750,P100802,Organic,2025-05-04,19,Slots,Mobile Web,14,9,12.22
S003751,P100802,Organic,2025-05-05,20,Live Dealer,Desktop,20,8,60.39
S003752,P100802,Organic,2025-05-07,22,Slots,Mobile Web,14,15,-30.24
S003753,P100802,Organic,2025-05-09,24,Sportsbook,Mobile Web,8,8,30.03
S003754,P100802,Organic,2025-05-14,29,Live Dealer,iOS App,9,17,-11.82
S003755,P100802,Organic,2025-05-17,32,Bingo,Android App,14,42,-63.03
S003756,P100803,Retail Crossover,2025-02-16,0,Table Games,iOS App,32,94,90.73
S003757,P100804,Affiliate,2025-06-12,0,Table Games,Mobile Web,31,84,75.67
S003758,P100805,Retail Crossover,2025-01-09,0,Bingo,Mobile Web,36,92,-165.49
S003759,P100805,Retail Crossover,2025-01-11,2,Slots,Android App,10,23,80.62
S003760,P100805,Retail Crossover,2025-01-16,7,Slots,iOS App,20,39,-15.8
S003761,P100805,Retail Crossover,2025-01-19,10,Sportsbook,Android App,38,39,-6.53
S003762,P100805,Retail Crossover,2025-01-21,12,Slots,Mobile Web,21,11,-65.86
S003763,P100806,Retail Crossover,2025-01-22,0,Table Games,Mobile Web,19,49,70.96
S003764,P100806,Retail Crossover,2025-01-30,8,Live Dealer,Android App,42,19,77.67
S003765,P100807,Organic,2025-06-14,0,Sportsbook,Desktop,20,18,43.64
S003766,P100807,Organic,2025-06-17,3,Live Dealer,Android App,12,32,-155.95
S003767,P100807,Organic,2025-06-20,6,Table Games,Desktop,5,8,-14.31
S003768,P100807,Organic,2025-06-28,14,Table Games,Android App,26,48,-114.09
S003769,P100808,Paid Search,2025-05-09,0,Slots,Mobile Web,61,113,20.14
S003770,P100809,Paid Search,2025-05-05,0,Live Dealer,Desktop,7,4,4.95
S003771,P100809,Paid Search,2025-05-06,1,Sportsbook,Android App,21,17,-40.13
S003772,P100810,Affiliate,2025-05-03,0,Bingo,Android App,19,24,-6.39
S003773,P100810,Affiliate,2025-05-11,8,Sportsbook,Mobile Web,27,19,-13.25
S003774,P100810,Affiliate,2025-05-25,22,Live Dealer,Android App,20,53,-199.15
S003775,P100810,Affiliate,2025-05-27,24,Table Games,iOS App,20,18,2.07
S003776,P100810,Affiliate,2025-06-01,29,Live Dealer,Android App,44,47,-48.57
S003777,P100810,Affiliate,2025-06-02,30,Bingo,Android App,26,75,88.09
S003778,P100810,Affiliate,2025-06-03,31,Bingo,Desktop,15,19,-1.94
S003779,P100810,Affiliate,2025-06-05,33,Bingo,Mobile Web,26,52,-169.96
S003780,P100810,Affiliate,2025-06-08,36,Live Dealer,Android App,29,30,44.9
S003781,P100810,Affiliate,2025-06-09,37,Bingo,Mobile Web,41,108,-126.2
S003782,P100810,Affiliate,2025-06-11,39,Bingo,Desktop,41,45,-251.67
S003783,P100810,Affiliate,2025-06-19,47,Slots,Android App,25,19,-40.17
S003784,P100811,Organic,2025-03-13,0,Slots,Desktop,8,20,-0.69
S003785,P100812,Organic,2025-04-19,0,Sportsbook,Mobile Web,93,205,111.99
S003786,P100812,Organic,2025-04-24,5,Sportsbook,Desktop,10,6,29.15
S003787,P100812,Organic,2025-04-25,6,Sportsbook,Mobile Web,61,112,207.59
S003788,P100812,Organic,2025-04-26,7,Bingo,Android App,4,6,-1.22
S003789,P100813,Paid Social,2025-02-03,0,Sportsbook,iOS App,20,31,-9.19
S003790,P100814,Paid Search,2025-06-24,0,Bingo,iOS App,33,32,-34.23
S003791,P100814,Paid Search,2025-06-25,1,Slots,Mobile Web,19,58,49.41
S003792,P100815,Paid Social,2025-03-04,0,Sportsbook,Mobile Web,21,48,-40.55
S003793,P100815,Paid Social,2025-03-05,1,Sportsbook,iOS App,24,52,7.33
S003794,P100815,Paid Social,2025-03-06,2,Table Games,Android App,25,56,0.53
S003795,P100815,Paid Social,2025-03-14,10,Bingo,iOS App,78,182,-201.26
S003796,P100815,Paid Social,2025-03-22,18,Slots,iOS App,10,6,-22.22
S003797,P100815,Paid Social,2025-03-23,19,Slots,Android App,19,17,148.75
S003798,P100815,Paid Social,2025-03-28,24,Sportsbook,Desktop,19,14,17.78
S003799,P100815,Paid Social,2025-04-11,38,Table Games,Desktop,55,55,-172.31
S003800,P100815,Paid Social,2025-04-19,46,Table Games,iOS App,7,9,-8.19
S003801,P100815,Paid Social,2025-05-03,60,Live Dealer,iOS App,33,102,431.16
S003802,P100815,Paid Social,2025-05-05,62,Sportsbook,Mobile Web,19,51,52.32
S003803,P100815,Paid Social,2025-05-13,70,Slots,Desktop,128,95,74.79
S003804,P100815,Paid Social,2025-05-18,75,Sportsbook,Mobile Web,17,22,-1.34
S003805,P100815,Paid Social,2025-05-21,78,Sportsbook,Desktop,29,22,102.19
S003806,P100816,Paid Social,2025-01-08,0,Live Dealer,Desktop,12,6,-20.33
S003807,P100816,Paid Social,2025-01-13,5,Live Dealer,Desktop,49,127,38.93
S003808,P100816,Paid Social,2025-01-14,6,Bingo,Android App,24,66,2.46
S003809,P100816,Paid Social,2025-01-17,9,Slots,Desktop,27,44,223.04
S003810,P100816,Paid Social,2025-01-31,23,Table Games,Desktop,40,30,-14.23
S003811,P100816,Paid Social,2025-02-14,37,Slots,iOS App,26,32,126.09
S003812,P100816,Paid Social,2025-02-19,42,Bingo,Desktop,85,163,1036.3
S003813,P100816,Paid Social,2025-02-27,50,Live Dealer,Android App,11,4,27.19
S003814,P100816,Paid Social,2025-03-13,64,Slots,iOS App,24,40,2.0
S003815,P100816,Paid Social,2025-03-21,72,Bingo,Desktop,62,45,-15.81
S003816,P100816,Paid Social,2025-03-22,73,Slots,Android App,2,5,-20.27
S003817,P100816,Paid Social,2025-03-30,81,Table Games,Desktop,9,8,-49.44
S003818,P100816,Paid Social,2025-04-01,83,Sportsbook,Desktop,21,35,-36.22
S003819,P100816,Paid Social,2025-04-02,84,Sportsbook,Mobile Web,16,7,9.98
S003820,P100816,Paid Social,2025-04-16,98,Slots,Mobile Web,32,45,-194.53
S003821,P100817,Retail Crossover,2025-01-21,0,Bingo,Desktop,12,24,50.71
S003822,P100817,Retail Crossover,2025-01-23,2,Live Dealer,Android App,15,46,41.66
S003823,P100817,Retail Crossover,2025-01-25,4,Table Games,Desktop,7,8,10.97
S003824,P100817,Retail Crossover,2025-02-08,18,Sportsbook,Desktop,22,43,26.14
S003825,P100817,Retail Crossover,2025-02-09,19,Live Dealer,iOS App,22,47,-18.53
S003826,P100817,Retail Crossover,2025-02-23,33,Bingo,Android App,22,40,83.75
S003827,P100818,Organic,2025-01-02,0,Slots,Mobile Web,16,50,-32.37
S003828,P100818,Organic,2025-01-05,3,Slots,iOS App,22,60,7.86
S003829,P100818,Organic,2025-01-10,8,Table Games,iOS App,27,80,76.18
S003830,P100818,Organic,2025-01-11,9,Live Dealer,Desktop,8,6,-1.61
S003831,P100818,Organic,2025-01-13,11,Table Games,iOS App,12,22,90.18
S003832,P100818,Organic,2025-01-27,25,Sportsbook,Desktop,14,13,4.77
S003833,P100818,Organic,2025-01-29,27,Live Dealer,Mobile Web,3,7,-5.85
S003834,P100818,Organic,2025-02-12,41,Sportsbook,Desktop,14,36,-26.95
S003835,P100819,Paid Social,2025-06-09,0,Sportsbook,Android App,20,56,137.14
S003836,P100819,Paid Social,2025-06-23,14,Bingo,Mobile Web,11,27,103.3
S003837,P100820,Organic,2025-06-03,0,Table Games,Mobile Web,10,28,-8.6
S003838,P100821,Retail Crossover,2025-03-06,0,Slots,Android App,21,55,51.05
S003839,P100821,Retail Crossover,2025-03-07,1,Slots,Desktop,7,12,-24.72
S003840,P100821,Retail Crossover,2025-03-15,9,Sportsbook,iOS App,29,61,182.86
S003841,P100821,Retail Crossover,2025-03-17,11,Table Games,Desktop,20,31,239.0
S003842,P100821,Retail Crossover,2025-03-19,13,Sportsbook,Desktop,21,66,-2.9
S003843,P100821,Retail Crossover,2025-03-27,21,Live Dealer,Mobile Web,33,69,147.57
S003844,P100821,Retail Crossover,2025-03-28,22,Table Games,Desktop,3,3,16.19
S003845,P100821,Retail Crossover,2025-03-29,23,Live Dealer,Desktop,24,37,-50.62
S003846,P100822,Paid Social,2025-01-03,0,Bingo,Desktop,14,37,82.19
S003847,P100822,Paid Social,2025-01-04,1,Live Dealer,Mobile Web,80,152,486.73
S003848,P100823,Paid Search,2025-02-19,0,Table Games,Android App,24,61,139.97
S003849,P100823,Paid Search,2025-02-21,2,Bingo,Desktop,10,13,9.78
S003850,P100824,Organic,2025-04-21,0,Live Dealer,Desktop,20,12,30.77
S003851,P100824,Organic,2025-04-26,5,Table Games,Desktop,30,47,-14.98
S003852,P100824,Organic,2025-05-10,19,Table Games,iOS App,14,23,-2.49
S003853,P100824,Organic,2025-05-24,33,Sportsbook,Desktop,5,8,3.77
S003854,P100824,Organic,2025-05-29,38,Sportsbook,Android App,9,10,-17.38
S003855,P100824,Organic,2025-05-30,39,Table Games,iOS App,7,21,39.21
S003856,P100825,Paid Social,2025-05-25,0,Sportsbook,iOS App,4,12,34.8
S003857,P100826,Affiliate,2025-01-13,0,Live Dealer,Mobile Web,10,14,41.06
S003858,P100826,Affiliate,2025-01-16,3,Sportsbook,Desktop,24,16,44.54
S003859,P100826,Affiliate,2025-01-17,4,Sportsbook,Mobile Web,20,8,-18.0
S003860,P100826,Affiliate,2025-01-22,9,Live Dealer,iOS App,42,115,-20.84
S003861,P100826,Affiliate,2025-01-23,10,Table Games,Desktop,15,26,17.77
S003862,P100827,Organic,2025-03-31,0,Sportsbook,iOS App,17,35,13.7
S003863,P100827,Organic,2025-04-02,2,Slots,Desktop,65,205,-255.16
S003864,P100827,Organic,2025-04-03,3,Bingo,Android App,17,46,-10.93
S003865,P100828,Affiliate,2025-06-01,0,Live Dealer,Mobile Web,30,83,361.14
S003866,P100828,Affiliate,2025-06-06,5,Slots,Mobile Web,11,5,2.81
S003867,P100829,Retail Crossover,2025-03-02,0,Slots,Desktop,8,4,-17.23
S003868,P100830,Paid Social,2025-04-21,0,Bingo,Desktop,25,61,-224.5
S003869,P100830,Paid Social,2025-04-23,2,Slots,iOS App,35,90,-124.37
S003870,P100831,Paid Social,2025-06-27,0,Sportsbook,Mobile Web,75,146,86.2
S003871,P100832,Paid Search,2025-05-15,0,Live Dealer,Android App,26,55,-131.05
S003872,P100832,Paid Search,2025-05-17,2,Slots,Android App,11,29,12.46
S003873,P100832,Paid Search,2025-05-18,3,Live Dealer,Mobile Web,29,81,-15.77
S003874,P100832,Paid Search,2025-05-21,6,Live Dealer,Desktop,17,18,10.54
S003875,P100832,Paid Search,2025-05-29,14,Table Games,Mobile Web,31,65,-86.53
S003876,P100832,Paid Search,2025-05-30,15,Bingo,Desktop,8,11,10.76
S003877,P100832,Paid Search,2025-06-01,17,Sportsbook,Mobile Web,18,13,-54.14
S003878,P100832,Paid Search,2025-06-09,25,Bingo,Android App,18,43,89.11
S003879,P100832,Paid Search,2025-06-11,27,Sportsbook,Desktop,8,14,-129.93
S003880,P100832,Paid Search,2025-06-13,29,Live Dealer,Mobile Web,11,13,65.96
S003881,P100833,Affiliate,2025-03-15,0,Table Games,iOS App,8,11,24.01
S003882,P100834,Affiliate,2025-04-04,0,Sportsbook,Mobile Web,74,137,643.4
S003883,P100834,Affiliate,2025-04-05,1,Bingo,iOS App,11,4,26.27
S003884,P100834,Affiliate,2025-04-13,9,Live Dealer,Desktop,28,52,-151.44
S003885,P100834,Affiliate,2025-04-18,14,Sportsbook,Android App,15,11,-2.57
S003886,P100835,Organic,2025-04-04,0,Slots,Desktop,17,38,11.37
S003887,P100836,Paid Search,2025-05-26,0,Table Games,Desktop,18,35,-104.94
S003888,P100836,Paid Search,2025-05-27,1,Slots,Android App,33,19,12.19
S003889,P100836,Paid Search,2025-05-30,4,Sportsbook,Desktop,25,57,-352.26
S003890,P100836,Paid Search,2025-06-04,9,Bingo,iOS App,32,75,24.32
S003891,P100836,Paid Search,2025-06-12,17,Slots,Android App,13,40,0.28
S003892,P100836,Paid Search,2025-06-13,18,Bingo,Mobile Web,41,33,70.1
S003893,P100836,Paid Search,2025-06-14,19,Live Dealer,iOS App,10,8,11.29
S003894,P100836,Paid Search,2025-06-19,24,Sportsbook,Android App,65,194,685.8
S003895,P100836,Paid Search,2025-06-22,27,Table Games,Android App,4,2,-3.51
S003896,P100837,Paid Social,2025-06-26,0,Bingo,iOS App,6,15,-4.92
S003897,P100837,Paid Social,2025-06-27,1,Slots,iOS App,15,45,42.37
S003898,P100837,Paid Social,2025-07-11,15,Slots,Android App,5,14,36.95
S003899,P100838,Organic,2025-02-03,0,Live Dealer,Desktop,9,26,-70.21
S003900,P100838,Organic,2025-02-06,3,Table Games,Android App,10,7,-1.44
S003901,P100838,Organic,2025-02-09,6,Bingo,Mobile Web,14,42,-15.11
S003902,P100838,Organic,2025-02-10,7,Live Dealer,Android App,7,11,29.48
S003903,P100838,Organic,2025-02-13,10,Sportsbook,iOS App,43,122,-237.92
S003904,P100838,Organic,2025-02-16,13,Slots,Mobile Web,5,11,-3.65
S003905,P100838,Organic,2025-02-18,15,Live Dealer,iOS App,8,14,-16.29
S003906,P100838,Organic,2025-02-20,17,Table Games,iOS App,78,210,-50.01
S003907,P100839,Paid Search,2025-04-07,0,Live Dealer,Mobile Web,3,7,-11.9
S003908,P100839,Paid Search,2025-04-12,5,Bingo,Mobile Web,14,25,122.7
S003909,P100839,Paid Search,2025-04-17,10,Bingo,Android App,122,376,87.49
S003910,P100840,Paid Search,2025-02-02,0,Bingo,Desktop,30,69,-130.11
S003911,P100840,Paid Search,2025-02-04,2,Table Games,iOS App,27,71,-152.93
S003912,P100840,Paid Search,2025-02-06,4,Slots,iOS App,6,17,-10.69
S003913,P100840,Paid Search,2025-02-08,6,Sportsbook,Android App,62,193,-474.29
S003914,P100840,Paid Search,2025-02-11,9,Table Games,Mobile Web,23,17,-42.38
S003915,P100840,Paid Search,2025-02-13,11,Live Dealer,Desktop,6,7,21.3
S003916,P100840,Paid Search,2025-02-16,14,Slots,iOS App,34,48,42.59
S003917,P100840,Paid Search,2025-03-02,28,Sportsbook,Android App,6,14,-17.27
S003918,P100840,Paid Search,2025-03-16,42,Table Games,Android App,9,4,-29.75
S003919,P100841,Paid Social,2025-01-20,0,Bingo,Desktop,38,59,-93.81
S003920,P100841,Paid Social,2025-02-03,14,Table Games,iOS App,74,103,74.41
S003921,P100841,Paid Social,2025-02-11,22,Slots,Mobile Web,10,28,5.29
S003922,P100841,Paid Social,2025-02-25,36,Live Dealer,iOS App,35,104,541.51
S003923,P100841,Paid Social,2025-02-27,38,Table Games,Android App,35,34,20.89
S003924,P100841,Paid Social,2025-03-04,43,Table Games,iOS App,9,26,-8.66
S003925,P100841,Paid Social,2025-03-05,44,Sportsbook,iOS App,20,13,30.34
S003926,P100841,Paid Social,2025-03-08,47,Sportsbook,Mobile Web,20,48,-236.75
S003927,P100841,Paid Social,2025-03-22,61,Table Games,iOS App,9,23,-53.35
S003928,P100841,Paid Social,2025-03-23,62,Live Dealer,Mobile Web,16,28,79.78
S003929,P100841,Paid Social,2025-03-28,67,Table Games,Desktop,21,60,42.81
S003930,P100841,Paid Social,2025-04-02,72,Live Dealer,Desktop,32,34,31.82
S003931,P100841,Paid Social,2025-04-10,80,Live Dealer,Mobile Web,14,13,30.71
S003932,P100841,Paid Social,2025-04-13,83,Bingo,iOS App,59,54,235.38
S003933,P100841,Paid Social,2025-04-16,86,Sportsbook,Desktop,12,18,-11.21
S003934,P100841,Paid Social,2025-04-30,100,Sportsbook,Desktop,48,100,-7.53
S003935,P100841,Paid Social,2025-05-01,101,Table Games,Android App,5,15,-3.57
S003936,P100841,Paid Social,2025-05-02,102,Live Dealer,Desktop,31,20,-12.36
S003937,P100841,Paid Social,2025-05-04,104,Table Games,Mobile Web,17,10,39.11
S003938,P100841,Paid Social,2025-05-05,105,Live Dealer,Mobile Web,16,26,-4.02
S003939,P100841,Paid Social,2025-05-10,110,Table Games,iOS App,26,29,-163.7
S003940,P100841,Paid Social,2025-05-24,124,Sportsbook,Desktop,22,50,-19.46
S003941,P100841,Paid Social,2025-06-01,132,Bingo,iOS App,33,30,-175.32
S003942,P100841,Paid Social,2025-06-02,133,Bingo,iOS App,5,15,112.52
S003943,P100841,Paid Social,2025-06-04,135,Bingo,Desktop,10,26,-124.16
S003944,P100841,Paid Social,2025-06-05,136,Bingo,iOS App,53,118,-141.89
S003945,P100841,Paid Social,2025-06-13,144,Slots,iOS App,17,8,-12.48
S003946,P100841,Paid Social,2025-06-18,149,Bingo,Android App,14,29,39.12
S003947,P100841,Paid Social,2025-06-19,150,Bingo,iOS App,19,45,-13.84
S003948,P100841,Paid Social,2025-06-20,151,Sportsbook,Android App,59,45,-96.43
S003949,P100841,Paid Social,2025-06-25,156,Slots,Mobile Web,28,45,38.5
S003950,P100841,Paid Social,2025-07-09,170,Sportsbook,Android App,15,39,-55.99
S003951,P100841,Paid Social,2025-07-11,172,Table Games,Mobile Web,12,11,-50.75
S003952,P100841,Paid Social,2025-07-14,175,Table Games,Mobile Web,315,501,2164.52
S003953,P100841,Paid Social,2025-07-17,178,Slots,Desktop,6,4,-0.37
S003954,P100841,Paid Social,2025-07-18,179,Table Games,Mobile Web,31,23,13.02
S003955,P100841,Paid Social,2025-07-23,184,Bingo,Mobile Web,20,43,80.23
S003956,P100841,Paid Social,2025-07-26,187,Slots,Mobile Web,23,38,-3.47
S003957,P100841,Paid Social,2025-07-31,192,Bingo,Desktop,39,80,22.86
S003958,P100841,Paid Social,2025-08-14,206,Live Dealer,Android App,16,29,-76.57
S003959,P100841,Paid Social,2025-08-16,208,Sportsbook,Mobile Web,35,58,69.13
S003960,P100841,Paid Social,2025-08-24,216,Bingo,Android App,13,6,-13.34
S003961,P100841,Paid Social,2025-08-27,219,Bingo,Android App,134,68,308.62
S003962,P100842,Organic,2025-04-20,0,Live Dealer,Mobile Web,16,27,-1.29
S003963,P100842,Organic,2025-04-21,1,Live Dealer,Desktop,18,34,21.05
S003964,P100843,Organic,2025-03-19,0,Table Games,Mobile Web,6,11,6.68
S003965,P100843,Organic,2025-04-02,14,Live Dealer,Android App,34,25,-97.29
S003966,P100843,Organic,2025-04-03,15,Live Dealer,Android App,11,18,-23.82
S003967,P100843,Organic,2025-04-08,20,Live Dealer,Mobile Web,37,28,46.16
S003968,P100843,Organic,2025-04-10,22,Live Dealer,Mobile Web,16,47,173.55
S003969,P100843,Organic,2025-04-18,30,Live Dealer,Android App,24,44,383.34
S003970,P100843,Organic,2025-04-20,32,Table Games,Android App,64,173,-35.36
S003971,P100843,Organic,2025-04-28,40,Slots,Mobile Web,34,81,16.86
S003972,P100843,Organic,2025-05-01,43,Sportsbook,iOS App,7,8,19.79
S003973,P100843,Organic,2025-05-03,45,Bingo,Desktop,26,36,-20.14
S003974,P100843,Organic,2025-05-17,59,Sportsbook,iOS App,22,60,-82.08
S003975,P100843,Organic,2025-05-20,62,Table Games,Android App,47,103,-167.12
S003976,P100843,Organic,2025-05-21,63,Live Dealer,Android App,31,17,-6.2
S003977,P100843,Organic,2025-05-24,66,Live Dealer,iOS App,16,29,3.36
S003978,P100843,Organic,2025-05-26,68,Live Dealer,Mobile Web,29,35,64.71
S003979,P100843,Organic,2025-06-03,76,Live Dealer,iOS App,53,103,322.18
S003980,P100843,Organic,2025-06-11,84,Slots,Desktop,12,26,-4.33
S003981,P100843,Organic,2025-06-19,92,Sportsbook,iOS App,36,34,-51.83
S003982,P100844,Paid Search,2025-04-01,0,Sportsbook,Desktop,4,2,-14.83
S003983,P100844,Paid Search,2025-04-15,14,Sportsbook,Desktop,66,102,-172.85
S003984,P100844,Paid Search,2025-04-16,15,Live Dealer,Android App,12,24,-26.98
S003985,P100845,Organic,2025-03-20,0,Bingo,Android App,10,22,13.14
S003986,P100846,Paid Social,2025-06-30,0,Slots,Android App,31,91,-386.83
S003987,P100846,Paid Social,2025-07-08,8,Slots,Desktop,21,31,-34.15
S003988,P100846,Paid Social,2025-07-16,16,Slots,Mobile Web,9,6,21.2
S003989,P100847,Paid Search,2025-03-27,0,Live Dealer,Desktop,6,7,3.29
S003990,P100847,Paid Search,2025-04-01,5,Table Games,iOS App,30,78,-6.02
S003991,P100847,Paid Search,2025-04-06,10,Sportsbook,Mobile Web,33,68,35.72
S003992,P100847,Paid Search,2025-04-11,15,Live Dealer,Desktop,39,97,-647.13
S003993,P100847,Paid Search,2025-04-16,20,Sportsbook,Android App,4,9,-2.6
S003994,P100847,Paid Search,2025-04-30,34,Table Games,Desktop,17,33,-6.87
S003995,P100847,Paid Search,2025-05-02,36,Slots,Mobile Web,8,19,53.39
S003996,P100848,Retail Crossover,2025-06-25,0,Live Dealer,iOS App,21,32,-70.88
S003997,P100848,Retail Crossover,2025-06-26,1,Table Games,iOS App,3,2,0.34
S003998,P100848,Retail Crossover,2025-06-28,3,Bingo,Android App,8,18,-75.78
S003999,P100848,Retail Crossover,2025-07-06,11,Table Games,Mobile Web,21,41,305.0
S004000,P100849,Affiliate,2025-03-08,0,Live Dealer,Mobile Web,31,77,-164.99
S004001,P100849,Affiliate,2025-03-22,14,Live Dealer,Android App,64,48,22.89
S004002,P100849,Affiliate,2025-03-23,15,Sportsbook,Desktop,29,58,350.07
S004003,P100849,Affiliate,2025-03-25,17,Slots,Mobile Web,15,24,29.91
S004004,P100850,Affiliate,2025-01-28,0,Slots,Mobile Web,43,41,202.83
S004005,P100850,Affiliate,2025-01-30,2,Bingo,Desktop,9,27,40.58
S004006,P100850,Affiliate,2025-02-07,10,Table Games,Mobile Web,29,47,-60.24
S004007,P100850,Affiliate,2025-02-10,13,Live Dealer,Mobile Web,4,10,-10.12
S004008,P100850,Affiliate,2025-02-18,21,Sportsbook,Android App,10,12,-65.62
S004009,P100851,Retail Crossover,2025-05-12,0,Sportsbook,iOS App,52,48,116.67
S004010,P100851,Retail Crossover,2025-05-15,3,Bingo,iOS App,7,17,34.39
S004011,P100851,Retail Crossover,2025-05-16,4,Slots,Mobile Web,65,167,-1263.0
S004012,P100851,Retail Crossover,2025-05-30,18,Bingo,Desktop,29,68,76.73
S004013,P100851,Retail Crossover,2025-06-13,32,Table Games,iOS App,29,40,10.53
S004014,P100852,Affiliate,2025-01-27,0,Slots,Mobile Web,21,36,32.97
S004015,P100852,Affiliate,2025-01-28,1,Table Games,Mobile Web,47,58,-11.94
S004016,P100852,Affiliate,2025-02-02,6,Table Games,iOS App,30,26,85.05
S004017,P100852,Affiliate,2025-02-03,7,Live Dealer,Mobile Web,9,28,15.52
S004018,P100852,Affiliate,2025-02-08,12,Table Games,Desktop,42,133,-245.18
S004019,P100853,Paid Search,2025-05-03,0,Table Games,Mobile Web,44,50,64.67
S004020,P100853,Paid Search,2025-05-08,5,Table Games,Android App,49,79,318.41
S004021,P100853,Paid Search,2025-05-13,10,Bingo,Desktop,13,40,202.78
S004022,P100853,Paid Search,2025-05-16,13,Bingo,Android App,6,9,-0.06
S004023,P100853,Paid Search,2025-05-21,18,Live Dealer,Mobile Web,8,14,6.53
S004024,P100853,Paid Search,2025-05-26,23,Bingo,Mobile Web,8,8,27.78
S004025,P100853,Paid Search,2025-06-09,37,Bingo,Android App,15,19,24.33
S004026,P100853,Paid Search,2025-06-17,45,Slots,Android App,32,73,9.49
S004027,P100853,Paid Search,2025-06-22,50,Slots,iOS App,60,164,-481.94
S004028,P100853,Paid Search,2025-06-27,55,Sportsbook,Android App,51,100,-563.56
S004029,P100853,Paid Search,2025-06-28,56,Slots,Mobile Web,24,16,19.12
S004030,P100853,Paid Search,2025-06-29,57,Slots,Android App,31,49,-25.12
S004031,P100853,Paid Search,2025-07-07,65,Live Dealer,Mobile Web,31,61,341.34
S004032,P100853,Paid Search,2025-07-12,70,Table Games,Android App,8,6,32.52
S004033,P100853,Paid Search,2025-07-13,71,Live Dealer,Desktop,32,64,-247.47
S004034,P100854,Affiliate,2025-01-05,0,Slots,Android App,19,57,76.47
S004035,P100854,Affiliate,2025-01-08,3,Bingo,Desktop,5,13,66.02
S004036,P100854,Affiliate,2025-01-10,5,Slots,iOS App,15,47,106.68
S004037,P100854,Affiliate,2025-01-24,19,Table Games,iOS App,14,35,76.14
S004038,P100854,Affiliate,2025-01-25,20,Slots,Desktop,16,7,1.65
S004039,P100854,Affiliate,2025-01-27,22,Live Dealer,Mobile Web,24,34,27.78
S004040,P100854,Affiliate,2025-02-01,27,Sportsbook,Android App,19,15,52.04
S004041,P100854,Affiliate,2025-02-03,29,Slots,Android App,61,80,27.34
S004042,P100854,Affiliate,2025-02-04,30,Live Dealer,Desktop,12,30,-61.93
S004043,P100854,Affiliate,2025-02-05,31,Bingo,Android App,52,113,9.63
S004044,P100854,Affiliate,2025-02-06,32,Sportsbook,Desktop,28,42,0.57
S004045,P100855,Retail Crossover,2025-02-20,0,Slots,Desktop,38,117,-1.33
S004046,P100855,Retail Crossover,2025-02-28,8,Table Games,Mobile Web,42,114,141.19
S004047,P100855,Retail Crossover,2025-03-03,11,Table Games,iOS App,15,16,0.11
S004048,P100856,Paid Social,2025-01-28,0,Slots,Android App,27,41,171.0
S004049,P100856,Paid Social,2025-01-29,1,Bingo,Mobile Web,19,25,25.49
S004050,P100856,Paid Social,2025-02-01,4,Slots,Mobile Web,21,21,14.28
S004051,P100856,Paid Social,2025-02-03,6,Table Games,Desktop,28,24,5.4
S004052,P100856,Paid Social,2025-02-17,20,Bingo,Android App,10,25,-32.28
S004053,P100856,Paid Social,2025-02-19,22,Sportsbook,Desktop,19,34,84.52
S004054,P100856,Paid Social,2025-02-20,23,Table Games,Desktop,14,7,0.77
S004055,P100856,Paid Social,2025-02-25,28,Bingo,Android App,17,29,95.62
S004056,P100856,Paid Social,2025-03-02,33,Bingo,Android App,15,24,43.95
S004057,P100856,Paid Social,2025-03-03,34,Bingo,Desktop,32,14,6.26
S004058,P100857,Organic,2025-01-15,0,Sportsbook,Mobile Web,12,32,-15.81
S004059,P100858,Retail Crossover,2025-06-01,0,Table Games,Mobile Web,15,34,-7.46
S004060,P100858,Retail Crossover,2025-06-02,1,Table Games,Android App,18,12,65.37
S004061,P100858,Retail Crossover,2025-06-03,2,Live Dealer,Mobile Web,6,8,24.27
S004062,P100859,Organic,2025-06-06,0,Sportsbook,iOS App,12,37,12.62
S004063,P100859,Organic,2025-06-20,14,Bingo,iOS App,5,2,-2.26
S004064,P100859,Organic,2025-06-21,15,Bingo,Android App,18,50,-4.49
S004065,P100860,Retail Crossover,2025-05-03,0,Sportsbook,Desktop,17,53,442.38
S004066,P100860,Retail Crossover,2025-05-05,2,Table Games,Android App,24,37,100.05
S004067,P100861,Organic,2025-06-24,0,Table Games,Desktop,37,31,-95.9
S004068,P100861,Organic,2025-07-02,8,Slots,Mobile Web,17,34,-20.3
S004069,P100861,Organic,2025-07-03,9,Sportsbook,Desktop,8,23,62.98
S004070,P100861,Organic,2025-07-04,10,Bingo,iOS App,20,8,43.33
S004071,P100861,Organic,2025-07-09,15,Slots,Desktop,18,44,-8.63
S004072,P100862,Paid Search,2025-06-25,0,Live Dealer,Android App,34,70,166.96
S004073,P100863,Retail Crossover,2025-05-26,0,Live Dealer,iOS App,19,29,-0.62
S004074,P100864,Retail Crossover,2025-06-09,0,Sportsbook,Android App,17,12,-46.99
S004075,P100864,Retail Crossover,2025-06-14,5,Sportsbook,Mobile Web,12,17,-70.5
S004076,P100865,Organic,2025-02-02,0,Slots,Android App,12,31,30.59
S004077,P100865,Organic,2025-02-16,14,Table Games,Mobile Web,11,31,282.87
S004078,P100865,Organic,2025-02-21,19,Table Games,Desktop,7,11,42.25
S004079,P100865,Organic,2025-02-22,20,Slots,iOS App,14,7,7.6
S004080,P100866,Retail Crossover,2025-05-14,0,Slots,iOS App,13,5,32.36
S004081,P100866,Retail Crossover,2025-05-16,2,Bingo,iOS App,22,56,-50.89
S004082,P100866,Retail Crossover,2025-05-24,10,Live Dealer,Desktop,10,6,-25.88
S004083,P100866,Retail Crossover,2025-05-25,11,Bingo,Desktop,65,83,-19.96
S004084,P100866,Retail Crossover,2025-05-26,12,Table Games,Desktop,25,28,-46.17
S004085,P100867,Organic,2025-04-16,0,Table Games,Mobile Web,29,84,-212.82
S004086,P100867,Organic,2025-04-17,1,Table Games,Desktop,23,25,72.54
S004087,P100867,Organic,2025-04-20,4,Live Dealer,Desktop,10,27,15.61
S004088,P100867,Organic,2025-04-28,12,Bingo,Desktop,21,45,-28.9
S004089,P100868,Organic,2025-01-30,0,Sportsbook,Android App,20,19,-79.64
S004090,P100868,Organic,2025-02-13,14,Slots,iOS App,32,18,10.61
S004091,P100868,Organic,2025-02-27,28,Sportsbook,Desktop,17,49,50.7
S004092,P100868,Organic,2025-03-07,36,Slots,Desktop,16,20,74.78
S004093,P100868,Organic,2025-03-08,37,Table Games,iOS App,51,86,85.83
S004094,P100868,Organic,2025-03-09,38,Bingo,Desktop,9,9,0.25
S004095,P100868,Organic,2025-03-23,52,Slots,iOS App,50,71,1.66
S004096,P100868,Organic,2025-03-31,60,Bingo,iOS App,53,92,101.25
S004097,P100868,Organic,2025-04-02,62,Bingo,Desktop,18,41,19.24
S004098,P100868,Organic,2025-04-04,64,Live Dealer,iOS App,5,5,0.07
S004099,P100868,Organic,2025-04-09,69,Bingo,Mobile Web,22,17,97.16
S004100,P100868,Organic,2025-04-10,70,Sportsbook,Android App,26,35,-42.76
S004101,P100868,Organic,2025-04-12,72,Sportsbook,Mobile Web,34,38,1.81
S004102,P100868,Organic,2025-04-26,86,Table Games,Desktop,15,28,18.35
S004103,P100868,Organic,2025-05-10,100,Sportsbook,Mobile Web,23,72,318.65
S004104,P100868,Organic,2025-05-11,101,Bingo,Android App,10,21,-48.32
S004105,P100868,Organic,2025-05-13,103,Live Dealer,Desktop,35,102,637.74
S004106,P100868,Organic,2025-05-21,111,Table Games,Desktop,3,9,1.84
S004107,P100868,Organic,2025-05-26,116,Sportsbook,Mobile Web,9,15,7.54
S004108,P100868,Organic,2025-05-29,119,Bingo,Mobile Web,45,141,191.46
S004109,P100868,Organic,2025-06-12,133,Live Dealer,Mobile Web,8,23,-245.01
S004110,P100869,Organic,2025-01-29,0,Slots,Android App,10,7,38.39
S004111,P100869,Organic,2025-02-03,5,Table Games,Mobile Web,52,55,36.38
S004112,P100869,Organic,2025-02-04,6,Sportsbook,Android App,17,52,134.09
S004113,P100869,Organic,2025-02-05,7,Bingo,iOS App,20,15,-15.02
S004114,P100870,Organic,2025-05-13,0,Slots,iOS App,84,79,38.65
S004115,P100870,Organic,2025-05-14,1,Live Dealer,iOS App,33,18,-111.15
S004116,P100871,Affiliate,2025-02-05,0,Slots,Mobile Web,33,61,105.32
S004117,P100871,Affiliate,2025-02-19,14,Bingo,iOS App,16,50,330.0
S004118,P100871,Affiliate,2025-02-24,19,Bingo,Desktop,34,22,10.7
S004119,P100871,Affiliate,2025-02-25,20,Table Games,Desktop,11,18,-9.31
S004120,P100871,Affiliate,2025-03-02,25,Bingo,Mobile Web,19,8,6.9
S004121,P100872,Affiliate,2025-06-25,0,Bingo,Desktop,11,31,67.73
S004122,P100873,Organic,2025-04-12,0,Slots,Android App,12,5,9.61
S004123,P100873,Organic,2025-04-14,2,Bingo,Mobile Web,12,7,-10.27
S004124,P100873,Organic,2025-04-17,5,Sportsbook,Mobile Web,51,135,-22.68
S004125,P100874,Affiliate,2025-03-25,0,Live Dealer,Android App,9,23,-21.58
S004126,P100875,Organic,2025-04-21,0,Sportsbook,Desktop,64,168,-1474.82
S004127,P100875,Organic,2025-04-29,8,Live Dealer,Desktop,6,18,1.28
S004128,P100876,Affiliate,2025-06-26,0,Bingo,iOS App,40,22,-31.79
S004129,P100877,Organic,2025-01-15,0,Table Games,Android App,24,33,-15.35
S004130,P100877,Organic,2025-01-16,1,Table Games,Desktop,9,17,-27.16
S004131,P100877,Organic,2025-01-19,4,Slots,Mobile Web,4,10,20.79
S004132,P100878,Retail Crossover,2025-02-21,0,Table Games,Mobile Web,7,10,-2.33
S004133,P100879,Retail Crossover,2025-05-17,0,Bingo,Desktop,18,19,-160.31
S004134,P100879,Retail Crossover,2025-05-25,8,Table Games,Mobile Web,28,82,-39.04
S004135,P100879,Retail Crossover,2025-06-08,22,Live Dealer,Mobile Web,71,168,41.38
S004136,P100879,Retail Crossover,2025-06-16,30,Bingo,Desktop,23,51,27.7
S004137,P100880,Affiliate,2025-04-30,0,Slots,iOS App,1,1,-2.0
S004138,P100880,Affiliate,2025-05-08,8,Live Dealer,Desktop,82,124,152.4
S004139,P100880,Affiliate,2025-05-13,13,Live Dealer,iOS App,7,12,12.64
S004140,P100880,Affiliate,2025-05-16,16,Bingo,Desktop,27,15,1.83
S004141,P100880,Affiliate,2025-05-24,24,Slots,Desktop,11,25,1.09
S004142,P100880,Affiliate,2025-05-25,25,Table Games,Android App,20,27,-35.41
S004143,P100881,Paid Social,2025-01-24,0,Live Dealer,Android App,19,8,12.78
S004144,P100881,Paid Social,2025-01-25,1,Live Dealer,Mobile Web,52,73,79.09
S004145,P100881,Paid Social,2025-01-27,3,Bingo,Desktop,30,63,-132.39
S004146,P100881,Paid Social,2025-01-30,6,Slots,iOS App,11,18,74.65
S004147,P100881,Paid Social,2025-02-02,9,Bingo,Android App,19,52,43.54
S004148,P100882,Affiliate,2025-01-09,0,Live Dealer,Desktop,102,212,93.01
S004149,P100883,Affiliate,2025-02-22,0,Bingo,iOS App,16,15,-25.68
S004150,P100884,Retail Crossover,2025-06-15,0,Bingo,Android App,4,2,5.23
S004151,P100884,Retail Crossover,2025-06-23,8,Live Dealer,iOS App,18,12,-2.57
S004152,P100884,Retail Crossover,2025-07-01,16,Live Dealer,iOS App,60,151,654.72
S004153,P100884,Retail Crossover,2025-07-09,24,Bingo,Android App,17,45,-4.36
S004154,P100884,Retail Crossover,2025-07-10,25,Slots,iOS App,28,52,-45.91
S004155,P100885,Paid Social,2025-04-12,0,Table Games,Android App,13,9,-10.99
S004156,P100885,Paid Social,2025-04-26,14,Live Dealer,iOS App,14,43,110.63
S004157,P100885,Paid Social,2025-04-29,17,Table Games,Mobile Web,20,47,3.77
S004158,P100885,Paid Social,2025-05-01,19,Sportsbook,Mobile Web,31,41,93.0
S004159,P100885,Paid Social,2025-05-06,24,Bingo,Mobile Web,10,13,-27.37
S004160,P100885,Paid Social,2025-05-07,25,Table Games,Android App,19,13,21.34
S004161,P100885,Paid Social,2025-05-09,27,Sportsbook,Desktop,14,24,28.52
S004162,P100885,Paid Social,2025-05-23,41,Table Games,Mobile Web,14,18,4.2
S004163,P100885,Paid Social,2025-05-24,42,Bingo,Desktop,28,75,77.9
S004164,P100885,Paid Social,2025-06-07,56,Live Dealer,Desktop,26,14,3.96
S004165,P100885,Paid Social,2025-06-12,61,Sportsbook,Android App,14,5,-3.14
S004166,P100885,Paid Social,2025-06-13,62,Table Games,Desktop,45,19,183.59
S004167,P100886,Paid Search,2025-03-20,0,Sportsbook,Android App,32,50,9.87
S004168,P100887,Paid Search,2025-03-28,0,Table Games,iOS App,22,26,-6.87
S004169,P100887,Paid Search,2025-04-05,8,Table Games,Android App,11,24,-7.04
S004170,P100887,Paid Search,2025-04-06,9,Live Dealer,Android App,14,17,16.82
S004171,P100887,Paid Search,2025-04-09,12,Slots,Android App,9,14,5.09
S004172,P100888,Retail Crossover,2025-01-28,0,Sportsbook,Desktop,6,4,-9.79
S004173,P100888,Retail Crossover,2025-02-02,5,Bingo,iOS App,32,94,1541.44
S004174,P100888,Retail Crossover,2025-02-03,6,Slots,Desktop,7,11,-21.97
S004175,P100888,Retail Crossover,2025-02-08,11,Table Games,iOS App,8,22,45.13
S004176,P100888,Retail Crossover,2025-02-22,25,Table Games,Desktop,206,140,512.68
S004177,P100888,Retail Crossover,2025-02-27,30,Sportsbook,Mobile Web,11,22,-15.21
S004178,P100888,Retail Crossover,2025-03-13,44,Bingo,iOS App,23,30,-142.12
S004179,P100889,Organic,2025-03-23,0,Sportsbook,Desktop,55,152,197.8
S004180,P100890,Paid Search,2025-01-28,0,Live Dealer,Mobile Web,31,46,196.87
S004181,P100890,Paid Search,2025-01-29,1,Live Dealer,iOS App,6,10,10.2
S004182,P100891,Organic,2025-05-29,0,Live Dealer,iOS App,9,7,1.34
S004183,P100892,Retail Crossover,2025-02-28,0,Live Dealer,Android App,42,19,-1.72
S004184,P100893,Affiliate,2025-01-04,0,Table Games,Desktop,63,134,-993.99
S004185,P100893,Affiliate,2025-01-12,8,Table Games,Desktop,51,41,-161.23
S004186,P100893,Affiliate,2025-01-14,10,Sportsbook,iOS App,23,36,-5.4
S004187,P100893,Affiliate,2025-01-17,13,Table Games,Android App,30,76,-274.39
S004188,P100893,Affiliate,2025-01-22,18,Live Dealer,Mobile Web,5,11,-6.04
S004189,P100893,Affiliate,2025-01-24,20,Live Dealer,Mobile Web,21,10,21.45
S004190,P100893,Affiliate,2025-02-07,34,Sportsbook,Desktop,21,54,191.51
S004191,P100893,Affiliate,2025-02-09,36,Table Games,Desktop,16,15,-50.08
S004192,P100893,Affiliate,2025-02-10,37,Sportsbook,Desktop,33,82,-250.35
S004193,P100893,Affiliate,2025-02-18,45,Table Games,Android App,9,8,25.59
S004194,P100893,Affiliate,2025-03-04,59,Bingo,Desktop,52,127,25.46
S004195,P100894,Affiliate,2025-01-27,0,Sportsbook,iOS App,27,32,10.83
S004196,P100895,Organic,2025-02-25,0,Slots,Android App,67,143,1718.01
S004197,P100895,Organic,2025-03-05,8,Live Dealer,Mobile Web,38,57,-81.96
S004198,P100896,Paid Social,2025-04-17,0,Slots,iOS App,1,1,0.95
S004199,P100896,Paid Social,2025-04-19,2,Live Dealer,Mobile Web,15,34,-160.74
S004200,P100896,Paid Social,2025-04-20,3,Live Dealer,Desktop,19,54,91.81
S004201,P100896,Paid Social,2025-04-28,11,Slots,Android App,78,216,-86.55
S004202,P100896,Paid Social,2025-04-30,13,Bingo,Desktop,8,18,-64.17
S004203,P100897,Affiliate,2025-03-09,0,Live Dealer,Android App,14,39,-190.64
S004204,P100898,Retail Crossover,2025-06-03,0,Live Dealer,Desktop,16,27,-25.15
S004205,P100898,Retail Crossover,2025-06-04,1,Table Games,Android App,23,24,-42.85
S004206,P100899,Paid Social,2025-06-03,0,Live Dealer,iOS App,7,20,6.26
S004207,P100899,Paid Social,2025-06-08,5,Sportsbook,iOS App,49,88,191.93
S004208,P100899,Paid Social,2025-06-11,8,Table Games,Desktop,57,172,762.02
S004209,P100900,Paid Search,2025-02-06,0,Slots,Desktop,15,27,3.16
S004210,P100900,Paid Search,2025-02-07,1,Table Games,Desktop,9,18,56.71
